0,-0.0012,0.61,-0.4021,722,549,210,684,545,35,0,0.0288,-0.2975,0,0,0,1,0
26,-0.0012,0.61,-0.4021,732,548,208,664,548,35,0,-0.1531,-0.2975,0,0,0,1,0
52,-0.0012,0.61,-0.4021,724,547,209,675,549,35,0,0.0288,-0.7113,0,0,0,1,0
78,-0.0012,0.61,-0.4021,725,549,208,664,547,35,0,0.0431,-0.2803,0,0,0,1,0
104,-0.0012,0.61,-0.4021,730,548,211,666,547,35,0,-0.261,-0.7286,0,0,0,1,0
130,-0.0012,0.61,-0.4021,723,549,208,673,553,35,0,0.1303,-0.7113,0,0,0,1,0
156,-0.0012,0.61,-0.4021,730,548,207,674,553,35,0,0.0865,-0.2458,0,0,0,1,0
182,-0.0012,0.61,-0.4021,728,549,215,673,553,35,0,0.0288,-0.7113,0,0,0,1,0
208,-0.0012,0.61,-0.4021,726,552,205,674,551,37,0,0.0575,-0.263,0,0,0,1,0
234,-0.0012,0.61,-0.4021,726,555,209,674,553,35,0,0.0575,-0.7113,0,0,0,1,0
260,-0.0012,0.61,-0.4021,722,547,209,672,550,36,0,0.072,-0.7113,0,0,0,1,0
286,-0.0012,0.61,-0.4021,731,551,208,677,547,36,0,0.0431,-0.6941,0,0,0,1,0
312,-0.0012,0.61,-0.4021,725,555,210,671,548,35,0,0.0431,-0.7113,0,0,0,1,0
338,-0.0012,0.61,-0.4021,726,542,210,675,569,36,0,0.0288,-0.6941,0,0,0,1,0
364,-0.0012,0.61,-0.4021,743,548,210,674,544,37,0,0.0431,-0.6941,0,0,0,1,0
390,-0.0012,0.61,-0.4021,724,544,211,679,551,37,0,0.0431,-0.263,0,0,0,1,0
416,-0.0012,0.61,-0.4021,735,549,210,675,544,37,0,0.0288,-0.7113,0,0,0,1,0
442,-0.0012,0.61,-0.4021,732,547,211,674,546,38,0,0.0288,-0.6768,0,0,0,1,0
468,-0.0012,0.61,-0.4021,728,548,210,671,554,38,0,0.0575,-0.7113,0,0,0,1,0
494,-0.0012,0.61,-0.4021,737,549,210,677,537,38,0,-0.1667,-0.7113,0,0,0,1,0
520,-0.0012,0.61,-0.4021,712,548,211,687,549,38,0,0.0288,-0.2803,0,0,0,1,0
546,-0.0012,0.61,-0.4021,727,545,212,657,552,39,0,0.0288,-0.7113,0,0,0,1,0
572,-0.0012,0.61,-0.4021,726,552,215,676,549,38,0,-0.2875,-0.6941,0,0,0,1,0
598,-0.0012,0.61,-0.4021,723,550,213,684,550,39,0,0.0431,-0.2803,0,0,0,1,0
624,-0.0012,0.61,-0.4021,722,548,211,665,554,38,0,-0.1394,-0.263,0,0,0,1,0
650,-0.0012,0.61,-0.4021,722,551,216,674,549,38,0,-0.2875,-0.7113,0,0,0,1,0
676,-0.0012,0.61,-0.4021,724,547,211,674,553,39,0,0.0431,-0.7113,0,0,0,1,0
702,-0.0012,0.61,-0.4021,726,552,217,669,552,38,0,0.0431,-0.2803,0,0,0,1,0
728,-0.0012,0.61,-0.4021,725,548,210,674,554,38,0,0.0575,-0.6941,0,0,0,1,0
754,-0.0012,0.61,-0.4021,724,551,212,673,551,38,0,0.0431,-0.6251,0,0,0,1,0
780,-0.0012,0.61,-0.4021,726,559,213,672,552,38,0,0.0575,-0.263,0,0,0,1,0
806,-0.0012,0.61,-0.4021,726,551,207,676,556,39,0,0.0865,-0.2803,0,0,0,1,0
832,-0.0012,0.61,-0.4021,725,559,213,676,551,37,0,0.0145,-0.6941,0,0,0,1,0
858,-0.0012,0.61,-0.4021,724,544,211,677,559,38,0,0.0288,-0.7113,0,0,0,1,0
884,-0.0012,0.61,-0.4021,724,548,211,675,551,38,0,0.0431,-0.6596,0,0,0,1,0
910,-0.0012,0.61,-0.4021,724,548,211,676,551,38,0,0.0575,-0.7113,0,0,0,1,0
936,-0.0012,0.61,-0.4021,725,542,211,673,565,38,0,0.0288,-0.6941,0,0,0,1,0
962,-0.0012,0.61,-0.4021,740,547,212,675,556,38,0,0.0575,-0.7286,0,0,0,1,0
988,-0.0012,0.61,-0.4021,707,546,211,683,553,39,0,0.0575,-0.7113,0,0,0,1,0
1014,-0.0012,0.61,-0.4021,735,547,210,675,544,39,0,0.0431,-0.263,0,0,0,1,0
1040,-0.0012,0.61,-0.4021,710,550,210,679,549,39,0,0.0288,-0.6596,0,0,0,1,0
1066,-0.0012,0.61,-0.4021,719,552,211,678,550,38,0,0.0288,-0.6079,0,0,0,1,0
1092,-0.0012,0.61,-0.4021,723,551,212,675,552,38,0,0.0575,-0.263,0,0,0,1,0
1118,-0.0012,0.61,-0.4021,720,553,212,695,556,38,0,0.0431,-0.7113,0,0,0,1,0
1144,-0.0012,0.61,-0.4021,730,546,211,658,553,38,0,-0.0561,-0.6768,0,0,0,1,0
1170,-0.0012,0.61,-0.4021,723,552,212,680,551,39,0,0.0575,-0.2803,0,0,0,1,0
1196,-0.0012,0.61,-0.4021,728,547,208,676,554,39,0,0.072,-0.2803,0,0,0,1,0
1222,-0.0012,0.61,-0.4021,726,548,211,673,551,38,0,0.072,-0.263,0,0,0,1,0
1248,-0.0012,0.61,-0.4021,719,545,212,674,551,39,0,0.0145,-0.6941,0,0,0,1,0
1274,-0.0012,0.61,-0.4021,723,550,208,674,552,39,0,0.0288,-0.2803,0,0,0,1,0
1300,-0.0012,0.61,-0.4021,726,548,212,674,555,39,0,0.0431,-0.2803,0,0,0,1,0
1326,-0.0012,0.61,-0.4021,727,549,208,674,550,39,0,0.0575,-0.2803,0,0,0,1,0
1352,-0.0012,0.61,-0.4021,727,551,211,673,551,38,0,0.0575,-0.263,0,0,0,1,0
1378,-0.0012,0.61,-0.4021,725,546,213,675,552,39,0,0.0145,-0.7113,0,0,0,1,0
1404,-0.0012,0.61,-0.4021,727,543,213,676,559,39,0,0.0431,-0.7113,0,0,0,1,0
1430,-0.0012,0.61,-0.4021,728,559,213,674,549,38,0,0.0288,-0.2803,0,0,0,1,0
1456,-0.0012,0.61,-0.4021,723,539,213,670,559,39,0,0.0288,-0.263,0,0,0,1,0
1482,-0.0012,0.61,-0.4021,747,548,212,676,537,39,0,0.0575,-0.263,0,0,0,1,0
1508,-0.0012,0.61,-0.4021,723,547,214,671,551,39,0,0.0288,-0.7113,0,0,0,1,0
1534,-0.0012,0.61,-0.4021,735,544,213,675,552,39,0,0.0575,-0.2803,0,0,0,1,0
1560,-0.0012,0.61,-0.4021,728,547,213,675,544,39,0,0.0288,-0.2803,0,0,0,1,0
1586,-0.0012,0.61,-0.4021,724,548,213,675,550,39,0,0.0575,-0.2113,0,0,0,1,0
1612,-0.0012,0.61,-0.4021,725,547,212,664,548,39,0,-0.1118,-0.263,0,0,0,1,0
1638,-0.0012,0.61,-0.4021,704,548,214,687,553,39,0,-0.2875,-0.2803,0,0,0,1,0
1664,-0.0012,0.61,-0.4021,726,547,212,656,548,39,0,-0.0561,-0.1941,0,0,0,1,0
1690,-0.0012,0.61,-0.4021,726,549,215,672,550,39,0,-0.2343,-0.263,0,0,0,1,0
1716,-0.0012,0.61,-0.4021,726,553,212,674,551,39,0,0.0288,0.1851,0,0,0,1,0
1742,-0.0012,0.61,-0.4021,726,547,212,670,550,38,0,0.0145,-0.263,0,0,0,1,0
1768,-0.0012,0.61,-0.4021,728,548,217,674,554,39,0,-0.098,-0.2458,0,0,0,1,0
1794,-0.0012,0.61,-0.4021,724,547,211,674,551,39,0,0.0288,-0.2803,0,0,0,1,0
1820,-0.0012,0.61,-0.4021,726,557,213,674,551,38,0,0.0575,-0.263,0,0,0,1,0
1846,-0.0012,0.61,-0.4021,726,548,212,672,550,39,0,0.0575,0.1679,0,0,0,1,0
1872,-0.0012,0.61,-0.4021,724,559,212,673,548,38,0,0.0288,0.1851,0,0,0,1,0
1898,-0.0012,0.61,-0.4021,724,552,215,673,547,38,0,0.0575,-0.2458,0,0,0,1,0
1924,-0.0012,0.61,-0.4021,730,552,215,670,549,39,0,0.0575,0.1679,0,0,0,1,0
1950,-0.0012,0.61,-0.4021,723,555,213,674,550,38,0,0.0575,0.1851,0,0,0,1,0
1976,-0.0012,0.61,-0.4021,725,534,214,678,559,39,0,0.0575,0.1679,0,0,0,1,0
2002,-0.0012,0.61,-0.4021,728,544,216,679,550,39,0,0.0575,0.1851,0,0,0,1,0
2028,-0.0012,0.61,-0.4021,712,547,213,679,547,39,0,0.0288,0.1679,0,0,0,1,0
2054,-0.0012,0.61,-0.4021,725,544,214,672,559,39,0,0.0431,0.1679,0,0,0,1,0
2080,-0.0012,0.61,-0.4021,720,551,213,675,549,39,0,0.0431,0.1851,0,0,0,1,0
2106,-0.0012,0.61,-0.4021,719,548,214,691,552,39,0,0.0288,0.1851,0,0,0,1,0
2132,-0.0012,0.61,-0.4021,723,545,215,672,547,38,0,0.0145,0.1851,0,0,0,1,0
2158,-0.0012,0.61,-0.4021,712,546,214,687,549,38,0,-0.1118,0.2024,0,0,0,1,0
2184,-0.0012,0.61,-0.4021,728,550,213,664,548,37,0,0.0288,0.2541,0,0,0,1,0
2210,-0.0012,0.61,-0.4021,725,547,213,673,547,37,0,0.0288,0.2024,0,0,0,1,0
2236,-0.0012,0.61,-0.4021,721,543,212,673,546,37,0,0.0003,0.6507,0,0,0,1,0
2262,-0.0012,0.5475,-0.3396,725,544,216,658,546,37,0,0.0865,0.2196,0,0,0,1,0
2288,-0.0012,0.5475,-0.3396,725,545,219,670,546,37,0,0.0288,0.7541,0,0,0,1,0
2314,-0.0012,0.5475,-0.3396,724,543,208,665,543,37,0,0.1157,0.6851,0,0,0,1,0
2340,-0.0012,0.5475,-0.3396,730,546,214,668,545,36,0,0.0431,0.6851,0,0,0,1,0
2366,-0.0012,0.5475,-0.3396,723,539,208,666,543,36,0,0.0575,0.7024,0,0,0,1,0
2392,-0.0012,0.5475,-0.2771,719,543,211,665,549,36,0,0.0575,0.7196,0,0,0,1,0
2418,-0.0012,0.5475,-0.2771,728,540,210,667,548,36,0,0.072,0.7024,0,0,0,1,0
2444,-0.0012,0.5475,-0.2771,730,536,210,668,559,36,0,0.0431,0.7024,0,0,0,1,0
2470,-0.0012,0.5475,-0.2771,727,555,210,667,548,36,0,0.0431,0.6851,0,0,0,1,0
2496,-0.0012,0.5475,-0.2771,725,533,211,668,552,37,0,0.0431,0.7024,0,0,0,1,0
2522,-0.0012,0.5475,-0.2771,739,538,214,669,544,37,0,0.0575,0.6507,0,0,0,1,0
2548,-0.0012,0.5475,-0.2771,725,542,212,668,552,37,0,0.0575,0.6679,0,0,0,1,0
2574,-0.0012,0.5475,-0.2771,727,539,213,667,552,38,0,0.0288,0.2024,0,0,0,1,0
2600,-0.0012,0.5475,-0.2771,728,537,213,669,546,39,0,0.0431,0.1679,0,0,0,1,0
2626,-0.0012,0.5475,-0.2771,730,539,215,668,551,39,0,0.0575,0.1851,0,0,0,1,0
2652,-0.0012,0.5475,-0.2771,724,543,214,654,550,39,0,-0.1667,0.1679,0,0,0,1,0
2678,-0.0012,0.5475,-0.2771,708,542,216,683,552,39,0,-0.0701,0.1334,0,0,0,1,0
2704,-0.0012,0.5475,-0.2771,724,542,218,674,557,40,0,0.0575,-0.2803,0,0,0,1,0
2730,-0.0012,0.5475,-0.2771,727,548,223,667,551,40,0,-0.2875,0.2369,0,0,0,1,0
2756,-0.0012,0.5475,-0.2771,724,544,221,671,553,40,0,0.0575,-0.2975,0,0,0,1,0
2782,-0.0012,0.5475,-0.2771,723,552,229,671,556,40,0,0.0145,-0.2975,0,0,0,1,0
2808,-0.0012,0.5475,-0.2771,726,550,239,674,564,42,0,-0.0701,0.1162,0,0,0,1,0
2834,-0.0012,0.5475,-0.2771,727,552,242,675,567,41,0,0.0431,0.0989,0,0,0,1,0
2860,-0.0012,0.5475,-0.2771,723,567,249,676,568,43,0,0.0575,0.0817,0,0,0,1,0
2886,-0.0012,0.5475,-0.3396,727,560,256,681,577,47,0,0.0431,0.0817,0,0,0,1,0
2912,-0.0012,0.5475,-0.3396,727,568,265,675,579,52,0,0.0575,0.0817,0,0,0,1,0
2938,-0.0012,0.5475,-0.3396,732,564,271,682,585,54,0,0.0431,-0.332,0,0,0,1,0
2964,-0.0012,0.5475,-0.3396,724,572,273,683,586,57,0,0.0431,0.0472,0,0,0,1,0
2990,-0.0012,0.5475,-0.3396,728,575,275,688,590,58,0,0.0431,0.03,0,0,0,1,0
3016,-0.0012,0.5475,-0.3396,728,561,276,683,607,60,0,0.0575,-0.3837,0,0,0,1,0
3042,-0.0012,0.5475,-0.4021,727,573,280,687,596,63,0,0.0865,-0.0044,0,0,0,1,0
3068,-0.0012,0.5475,-0.4021,705,577,282,703,600,65,0,0.0431,-0.0044,0,0,0,1,0
3094,-0.0012,0.5475,-0.4021,727,580,287,688,612,65,0,0.0865,-0.401,0,0,0,1,0
3120,0.0612,0.5475,-0.4646,727,582,287,689,610,66,0,0.0575,0.0472,0,0,0,1,0
3146,0.0612,0.5475,-0.4646,720,583,289,703,609,69,0,0.072,-0.0217,0,0,0,1,0
3172,0.0612,0.5475,-0.4646,722,583,288,693,614,72,0,-0.1667,-0.0389,0,0,0,1,0
3198,0.0612,0.5475,-0.4646,711,581,286,703,610,79,0,-0.0701,-0.0389,0,0,0,1,0
3224,0.0612,0.5475,-0.5271,717,583,283,680,611,82,0,-0.0561,-0.0389,0,0,0,1,0
3250,0.0612,0.5475,-0.5271,720,586,281,691,611,85,0,0.0431,0.3576,0,0,0,1,0
3276,0.0612,0.61,-0.5271,714,585,276,696,614,89,0,0.0865,0.4093,0,0,0,1,0
3302,0.0612,0.61,-0.5271,715,583,282,688,617,93,0,0.0288,0.3403,0,0,0,1,0
3328,0.0612,0.61,-0.5271,715,584,284,692,615,96,0,0.0145,0.3058,0,0,0,1,0
3354,0.0612,0.61,-0.5271,711,584,275,696,614,98,0,0.0431,0.3231,0,0,0,1,0
3380,0.0612,0.61,-0.5271,711,584,277,693,615,94,0,0.0865,0.3058,0,0,0,1,0
3406,0.0612,0.61,-0.5271,711,578,265,690,616,99,0,0.0431,0.3058,0,0,0,1,0
3432,0.0612,0.61,-0.5271,712,583,270,691,613,98,0,0.0431,0.392,0,0,0,1,0
3458,0.0612,0.61,-0.5271,708,578,268,696,611,98,0,0.0431,0.3403,0,0,0,1,0
3484,0.0612,0.61,-0.5271,711,574,270,691,628,98,0,0.0288,0.3231,0,0,0,1,0
3510,0.0612,0.61,-0.5271,707,588,268,690,615,98,0,0.0145,0.4093,0,0,0,1,0
3536,0.0612,0.61,-0.5271,711,581,267,695,619,102,0,0.0288,0.3576,0,0,0,1,0
3562,0.0612,0.61,-0.5271,711,579,269,693,596,105,0,0.0431,0.3748,0,0,0,1,0
3588,0.0612,0.61,-0.5271,709,577,270,703,616,105,0,0.0288,0.461,0,0,0,1,0
3614,0.0612,0.61,-0.5271,720,579,269,686,608,105,0,-0.0561,0.3748,0,0,0,1,0
3640,0.0612,0.61,-0.5271,704,577,270,695,611,106,0,0.0145,0.3748,0,0,0,1,0
3666,0.0612,0.61,-0.5271,704,582,269,695,620,108,0,0.0288,0.4093,0,0,0,1,0
3692,0.0612,0.61,-0.5271,706,578,269,686,621,107,0,-0.2743,0.4093,0,0,0,1,0
3718,0.0612,0.61,-0.5271,696,583,271,703,617,109,0,0.0431,-0.0561,0,0,0,1,0
3744,0.0612,0.61,-0.5271,705,584,274,693,618,110,0,0.0431,0.4955,0,0,0,1,0
3770,0.0612,0.61,-0.5271,706,583,277,691,618,111,0,-0.2875,0.4093,0,0,0,1,0
3796,0.0612,0.61,-0.5271,708,579,268,695,617,111,0,0.0575,0.4265,0,0,0,1,0
3822,0.0612,0.61,-0.5271,703,579,276,689,617,110,0,0.0575,-0.0734,0,0,0,1,0
3848,0.0612,0.61,-0.5271,703,581,272,693,620,110,0,0.0575,-0.0561,0,0,0,1,0
3874,0.0612,0.61,-0.5271,708,582,274,691,621,111,0,0.0431,0.4093,0,0,0,1,0
3900,0.0612,0.61,-0.5271,708,592,272,689,615,110,0,0.0288,0.4093,0,0,0,1,0
3926,0.0612,0.61,-0.5271,706,585,268,691,622,114,0,0.0431,-0.0389,0,0,0,1,0
3952,0.0612,0.61,-0.5271,704,579,274,691,615,111,0,0.0865,0.4265,0,0,0,1,0
3978,0.0612,0.61,-0.5271,712,564,272,697,623,110,0,0.0575,0.4438,0,0,0,1,0
4004,0.0612,0.61,-0.5271,719,579,274,692,612,109,0,0.0865,-0.0217,0,0,0,1,0
4030,0.0612,0.61,-0.5271,712,566,274,692,622,108,0,0.0431,0.53,0,0,0,1,0
4056,0.0612,0.61,-0.5271,715,580,277,691,630,105,0,0.0575,0.4265,0,0,0,1,0
4082,0.0612,0.61,-0.5271,713,585,278,693,620,103,0,0.0288,0.461,0,0,0,1,0
4108,0.0612,0.61,-0.5271,699,586,281,703,620,101,0,0.0431,0.4438,0,0,0,1,0
4134,0.0612,0.61,-0.5271,731,582,280,696,608,100,0,-0.0561,0.4782,0,0,0,1,0
4160,0.0612,0.61,-0.5271,718,583,281,692,614,98,0,0.0575,0.4955,0,0,0,1,0
4186,0.0612,0.61,-0.5271,711,585,278,672,617,95,0,-0.0561,0.1334,0,0,0,1,0
4212,0.0612,0.61,-0.5271,714,579,279,687,619,95,0,-0.261,0.1334,0,0,0,1,0
4238,0.0612,0.61,-0.5271,711,578,272,692,616,93,0,0.1303,0.1679,0,0,0,1,0
4264,0.0612,0.61,-0.5271,713,580,272,682,613,93,0,-0.2477,-0.2286,0,0,0,1,0
4290,0.0612,0.61,-0.5271,712,579,275,690,613,93,0,0.0145,-0.2113,0,0,0,1,0
4316,0.0612,0.61,-0.5271,715,578,268,686,615,94,0,0.0145,-0.1941,0,0,0,1,0
4342,0.0612,0.61,-0.5271,716,576,279,691,616,92,0,0.0575,-0.1941,0,0,0,1,0
4368,0.0612,0.61,-0.5271,709,580,271,690,616,92,0,0.0865,-0.1768,0,0,0,1,0
4394,0.0612,0.61,-0.5271,712,583,272,693,615,92,0,0.0575,-0.1768,0,0,0,1,0
4420,0.0612,0.61,-0.5271,711,574,273,689,615,91,0,0.0431,-0.1423,0,0,0,1,0
4446,0.0612,0.61,-0.5271,712,575,268,687,614,93,0,0.0288,-0.1596,0,0,0,1,0
4472,0.0612,0.61,-0.5271,712,590,268,689,614,92,0,0.072,-0.0561,0,0,0,1,0
4498,0.0612,0.61,-0.5271,716,580,268,686,613,94,0,0.072,-0.1251,0,0,0,1,0
4524,0.0612,0.61,-0.5271,727,581,270,690,608,95,0,0.0575,-0.0906,0,0,0,1,0
4550,0.0612,0.61,-0.5271,713,568,272,687,623,95,0,0.0431,-0.0906,0,0,0,1,0
4576,0.0612,0.61,-0.5271,709,577,274,687,618,96,0,0.0431,-0.0734,0,0,0,1,0
4602,0.0612,0.61,-0.5271,704,579,274,687,610,96,0,0.0431,-0.0217,0,0,0,1,0
4628,0.0612,0.61,-0.5271,707,576,275,696,618,95,0,0.0431,-1.832,0,0,0,1,0
4654,0.0612,0.61,-0.5271,713,578,275,691,612,96,0,-0.2743,-1.401,0,0,0,1,0
4680,0.0612,0.61,-0.5271,704,579,276,703,614,96,0,0.0575,-1.3665,0,0,0,1,0
4706,0.0612,0.61,-0.5271,713,581,275,692,616,97,0,-0.0561,-2.2113,0,0,0,1,0
4732,0.0612,0.61,-0.5271,712,579,285,687,617,100,0,-0.1803,-2.1941,0,0,0,1,0
4758,0.0612,0.61,-0.5271,705,582,272,684,622,108,0,0.0288,-2.1596,0,0,0,1,0
4784,0.0612,0.61,-0.5271,700,581,264,695,620,117,0,0.0288,-2.0217,0,0,0,1,0
4810,0.0612,0.6725,-0.5271,681,589,240,696,623,123,0,0.0865,-2.0906,0,0,0,1,0
4836,0.0612,0.7975,-0.5271,601,587,183,701,632,135,0,0.0431,0.8058,0,0,0,2,0
4862,0.0612,0.9225,-0.5896,439,572,125,702,639,158,0,0.0288,0.4782,0,0,0,2,0
4888,0.1862,1.1725,-0.7146,259,534,67,706,647,195,0,-0.0138,1.3231,0,0,0,2,0
4914,0.3112,1.61,-0.8396,148,0,0,0,0,0,0,0,0.5472,0,0,0,2,0
4939,0.4987,1.985,-0.9646,42,0,0,0,0,0,0,0,1.4782,0,0,0,2,0
4964,0.8112,3.1725,-1.2146,18,338,0,667,594,326,0,0.0575,1.6851,0,0,0,2,0
4989,1.1237,4.4225,-1.4021,8,282,0,0,0,0,0,0,1.892,0,0,0,2,0
5014,1.5612,5.7975,-1.5896,7,234,0,574,480,436,0,1.3065,-1.3837,0,0,0,2,0
5039,2.7487,8.485,-1.8396,3,183,0,539,394,432,0,5.0203,-1.2458,0,0,0,3,0
5064,4.8737,11.5475,-1.7146,6,137,0,506,316,295,0,5.0575,2.6162,0,0,0,3,0
5089,6.8112,13.5475,-1.4646,13,103,0,424,203,46,0,8.9315,-0.332,0,0,0,3,0
5115,9.0612,15.485,-1.2146,49,59,0,358,82,2,0,11.7754,-1.9872,0,0,0,3,0
5140,12.7487,17.735,-0.5896,74,51,0,353,59,0,0,11.9414,-1.1423,0,0,0,3,0
5165,14.2487,18.235,-0.5896,92,40,0,352,52,0,0,9.501,0.4955,0,0,0,3,0
5190,15.6862,18.0475,-0.7771,108,33,0,343,48,0,0,9.5665,4.3058,0,0,0,3,0
5215,16.8112,17.235,-1.1521,123,29,0,341,50,0,0,7.469,-1.2458,0,0,0,3,0
5240,17.2487,16.2975,-1.5896,127,26,0,340,50,0,0,7.5207,-0.8837,0,0,0,3,0
5265,17.4362,15.1725,-2.1521,129,21,0,334,52,0,0,7.678,-0.901,0,0,0,3,0
5290,17.0612,13.4225,-3.2146,128,23,0,332,51,0,0,7.7846,-0.0906,0,0,0,3,0
5315,16.4362,12.11,-4.0271,122,22,0,336,52,0,0,7.7846,-0.9182,0,0,0,3,0
5340,15.4362,9.86,-5.4646,113,21,0,327,52,0,0,8.4541,3.392,0,0,0,3,0
5365,14.4362,7.2975,-7.0271,100,20,0,328,53,0,0,8.8704,1.2541,0,0,0,3,0
5390,13.7487,5.485,-7.7146,94,20,0,313,57,0,0,16.9001,-1.7113,0,0,0,3,0
5415,13.1237,3.6725,-8.2146,87,18,0,315,64,0,0,14.8996,-1.2458,0,0,0,3,0
5440,12.1862,1.4225,-8.6521,85,15,0,313,64,0,0,16.2784,2.3058,0,0,0,3,0
5465,11.4987,0.235,-8.6521,90,15,0,312,74,0,0,13.1823,2.2196,0,0,0,3,0
5490,10.5612,-1.1399,-8.5896,93,12,0,307,84,0,0,9.9698,1.8403,0,0,0,3,0
5515,9.9987,-1.7649,-8.4646,127,12,0,307,84,0,0,10.1082,1.53,0,0,0,3,0
5540,9.3112,-1.8274,-8.0271,324,19,0,322,44,0,0,6.9208,1.6334,0,0,0,3,0
5565,8.9987,-1.2649,-6.5271,531,104,0,334,27,0,0,6.8728,-1.2803,0,0,0,0,0
5590,8.7487,0.1725,-3.5896,733,264,14,447,23,0,0,1.384,0.2886,0,0,0,0,0
5615,8.8112,0.485,-0.8396,732,342,45,465,106,0,0,0.0431,-2.0389,0,0,0,0,0
5641,9.2487,0.11,-0.2146,745,409,105,512,240,0,0,-0.0561,-0.1423,0,0,0,0,0
5667,9.3112,0.0475,0.0978,755,480,243,561,335,6,0,-0.2875,-1.832,0,0,0,0,0
5693,9.3112,-0.2024,0.2228,769,536,368,592,402,13,0,0.0145,-1.5906,0,0,0,0,0
5719,9.3112,-0.6399,0.3478,777,553,411,591,449,22,0,-0.2875,-0.9355,0,0,0,0,0
5745,9.3112,-0.8899,0.4103,779,560,432,589,454,23,0,0.2799,-0.6079,0,0,0,0,0
5771,9.3112,-1.0774,0.4103,779,561,422,582,447,16,0,0.2344,-3.4699,0,0,0,0,0
5797,9.3112,-1.2024,0.3478,779,555,426,576,436,14,0,0.3879,-3.9354,0,0,0,0,0
5823,9.1862,-1.2649,0.2228,778,555,413,569,425,25,0,0.2951,-4.401,0,0,0,0,0
5849,9.1862,-1.2649,0.2228,780,567,413,573,432,37,0,0.2799,-4.4182,0,0,0,0,0
5875,9.1862,-1.2024,0.2228,780,544,424,578,469,79,0,0.2951,-4.8665,0,0,0,0,0
5901,9.1862,-1.1399,0.3478,784,562,438,583,488,123,0,0.2799,-4.4354,0,0,0,0,0
5927,9.1862,-1.1399,0.4728,781,560,455,595,531,178,0,0.2951,-4.0217,0,0,0,1,0
5953,9.1237,-1.0774,0.5978,783,564,462,603,558,222,0,0.3258,-3.6251,0,0,0,1,0
5979,9.1237,-1.0149,0.5978,768,575,472,616,555,243,0,0.3258,-3.6079,0,0,0,1,0
6005,9.0612,-1.0149,0.6603,780,576,490,636,579,260,0,0.4193,-4.0217,0,0,0,1,0
6031,9.0612,-0.9524,0.5978,771,595,506,639,599,285,0,0.3879,-3.5734,0,0,0,1,0
6057,9.0612,-0.9524,0.5978,752,608,515,671,608,296,0,0.4509,-4.4354,0,0,0,1,0
6083,9.0612,-0.9524,0.5353,769,615,523,648,620,306,0,0.2951,-4.4354,0,0,0,1,0
6109,9.0612,-0.8899,0.4728,767,630,535,666,631,317,0,0.1598,-4.0217,0,0,0,1,0
6135,9.0612,-0.8899,0.4728,759,634,548,672,642,329,0,0.4193,-4.4699,0,0,0,1,0
6161,9.1237,-0.8899,0.4103,757,642,553,683,655,344,0,0.0575,-4.0389,0,0,0,1,0
6187,9.1237,-0.8899,0.3478,753,645,560,692,669,363,0,0.531,-1.2975,0,0,0,1,0
6213,9.1237,-0.8899,0.3478,749,655,570,698,679,377,0,0.4827,-1.901,0,0,0,1,0
6239,9.1237,-0.8899,0.3478,740,660,578,705,691,394,0,0.2799,-1.9527,0,0,0,1,0
6265,9.1237,-0.8899,0.3478,736,664,576,711,699,427,0,0.4827,-2.0389,0,0,0,1,0
6291,9.1862,-0.8899,0.4103,723,687,591,719,707,432,0,0.4036,-1.6251,0,0,0,1,0
6317,9.2487,-0.8899,0.4728,704,676,588,717,723,468,0,0.4036,-1.832,0,0,0,1,0
6343,9.2487,-0.8274,0.5353,680,671,573,724,724,484,0,0.3723,-2.3837,0,0,0,1,0
6369,9.3112,-0.7649,0.5353,630,680,546,734,733,528,0,0.2647,-2.5044,0,0,0,2,0
6395,9.3737,-0.5774,0.5978,559,651,504,734,748,568,0,0.2344,-2.5561,0,0,0,2,0
6421,9.4362,-0.4524,0.5978,351,627,301,738,736,584,0,0.0865,-2.7286,0,0,0,2,0
6447,9.5612,-0.1399,0.5353,237,515,70,739,767,600,0,-0.028,-2.7286,0,0,0,2,0
6473,9.7487,0.235,0.4728,173,403,8,713,724,632,0,0.0003,-2.6596,0,0,0,2,0
6499,10.1862,1.7975,0.3478,89,295,4,681,727,638,0,0.0145,-1.9527,0,0,0,2,0
6525,10.9987,5.36,0.2853,21,178,4,589,695,652,0,-0.0561,-1.1596,0,0,0,2,0
6551,11.9987,8.985,0.7228,8,95,2,551,648,621,0,2.2351,-1.9182,0,0,0,2,0
6576,14.3737,15.2975,2.7228,4,31,2,504,598,507,0,10.6825,-1.9527,0,0,0,2,0
6602,16.3737,19.985,4.7853,4,18,0,380,464,223,0,9.6325,0.0472,0,0,0,3,0
6627,19.8112,26.86,7.5353,36,19,0,339,181,52,0,23.1978,-0.332,0,0,0,3,0
6653,22.1237,30.4225,9.6603,130,26,0,312,46,2,0,28.883,23.3231,0,0,0,3,0
6679,24.4362,32.6725,12.0978,152,22,0,302,68,0,0,29.4218,3.0644,0,0,0,3,0
6704,25.1862,32.11,12.5978,177,20,0,300,71,0,0,21.1884,31.0817,0,0,0,3,0
6730,25.3737,31.7975,12.4728,183,18,0,304,82,0,0,21.361,30.2886,0,0,0,3,0
6756,24.9362,30.735,11.4103,185,17,0,308,89,0,0,107.2616,6.3403,0,0,0,3,0
6782,24.1862,29.735,10.3478,185,15,0,302,90,0,0,5.5195,6.4438,0,0,0,3,0
6807,22.4362,27.9225,8.1603,181,12,0,299,90,0,0,5.5195,5.5817,0,0,0,3,0
6832,21.0612,26.485,6.4103,182,12,0,301,85,0,0,0.072,6.2369,0,0,0,3,0
6857,19.4987,24.61,4.5353,173,12,0,304,85,0,0,0.0431,5.461,0,0,0,3,0
6882,17.2487,20.985,1.5353,162,12,0,305,84,0,0,2.7968,4.3748,0,0,0,3,0
6907,15.0612,16.485,-1.5271,154,11,0,305,81,0,0,27.1061,4.3058,0,0,0,3,0
6932,13.6237,13.2975,-3.3396,147,12,0,306,79,0,0,28.3584,3.3576,0,0,0,3,0
6957,11.4987,8.36,-5.7146,133,11,0,304,80,0,0,25.7059,3.3576,0,0,0,3,0
6982,10.3112,4.985,-6.7146,117,8,0,289,89,0,0,25.7059,1.961,0,0,0,3,0
7007,9.3112,1.86,-7.2771,109,6,0,281,99,0,0,18.5215,1.9955,0,0,0,3,0
7032,8.1862,-1.8274,-7.7146,106,5,0,273,104,0,0,11.8581,-1.2113,0,0,0,3,0
7057,7.4987,-3.9524,-8.0896,123,4,0,263,109,0,0,78.6139,-1.5044,0,0,0,3,0
7082,7.3737,-4.6399,-8.0896,399,14,0,270,37,0,0,8.1687,-1.8148,0,0,0,3,0
7107,7.3737,-4.3274,-6.6521,672,80,0,310,17,0,0,65.3016,-0.4699,0,0,0,0,0
7132,7.6862,-2.8899,-4.2146,744,316,10,456,5,0,0,18.5215,-0.832,0,0,0,0,0
7158,8.1862,-1.4524,-1.0271,760,421,91,526,236,0,0,0.0431,-0.832,0,0,0,0,0
7184,8.4362,-1.3899,-0.5271,761,491,251,566,374,13,0,0.0575,-1.2286,0,0,0,0,0
7210,8.4987,-1.6399,-0.0271,775,537,356,583,454,38,0,-0.1667,-1.1941,0,0,0,0,0
7236,8.5612,-1.9524,0.0353,771,558,397,595,493,69,0,0.1895,-1.7803,0,0,0,0,0
7262,8.4987,-2.0149,-0.0271,783,570,416,584,515,79,0,0.1895,-2.7286,0,0,0,1,0
7288,8.4987,-2.0149,-0.1521,782,569,427,599,528,75,0,-0.0138,-3.9699,0,0,0,1,0
7314,8.4362,-1.9524,-0.2771,775,572,418,604,530,63,0,0.1746,-4.0389,0,0,0,1,0
7340,8.3737,-1.8274,-0.4021,775,575,410,608,535,44,0,0.1303,-3.6079,0,0,0,1,0
7366,8.3737,-1.7024,-0.5271,779,581,394,616,550,33,0,0.1157,-4.4527,0,0,0,1,0
7392,8.3112,-1.5774,-0.6521,781,591,388,630,561,23,0,0.101,-4.0044,0,0,0,1,0
7418,8.3112,-1.5149,-0.6521,780,602,387,637,574,16,0,0.0865,-1.1423,0,0,0,1,0
7444,8.2487,-1.3899,-0.7771,779,605,388,649,591,16,0,0.0288,-1.1768,0,0,0,1,0
7470,8.1862,-1.2649,-0.7771,777,630,393,660,609,16,0,0.0288,-1.0906,0,0,0,1,0
7496,8.1862,-1.2024,-0.7771,778,604,391,670,623,17,0,0.0575,-1.1596,0,0,0,1,0
7522,8.1862,-1.0774,-0.8396,69,0,301,0,385,201,0,0.0575,-1.1768,0,0,0,1,0
7547,8.1862,-1.0149,-0.9021,65,0,303,0,385,204,0,0,-1.0906,0,0,0,1,0
7572,8.1237,-1.0149,-0.9021,769,650,415,695,636,23,0,0.1157,-1.1941,0,0,0,1,0
7598,8.1237,-0.9524,-0.9021,768,656,421,703,648,29,0,-0.2343,-1.1941,0,0,0,1,0
7624,8.1237,-0.8899,-0.9021,762,664,439,708,666,37,0,0.101,-1.7113,0,0,0,1,0
7650,8.1237,-0.8899,-0.9021,760,674,456,709,673,50,0,0.145,-1.763,0,0,0,1,0
7676,8.1237,-0.8899,-0.7771,759,682,482,721,683,61,0,0.2344,-2.263,0,0,0,1,0
7702,8.1862,-0.9524,-0.6521,746,683,497,708,697,93,0,0.1746,-2.6596,0,0,0,1,0
7728,8.1862,-1.0149,-0.5271,738,692,506,727,700,121,0,0.101,-2.401,0,0,0,1,0
7754,8.2487,-1.0149,-0.4646,730,692,512,733,713,159,0,0.2344,-2.0906,0,0,0,1,0
7780,8.2487,-0.9524,-0.4021,708,691,524,733,717,200,0,0.1746,-2.2286,0,0,0,1,0
7806,8.3112,-0.9524,-0.3396,686,700,512,740,723,287,0,0.1746,-2.3492,0,0,0,1,0
7832,8.3737,-0.8899,-0.2771,658,703,508,738,727,324,0,0.1303,-2.4182,0,0,0,1,0
7858,8.4362,-0.8274,-0.2146,617,695,493,742,732,376,0,0.0431,-2.5389,0,0,0,2,0
7884,8.5612,-0.7649,-0.1521,547,690,439,746,748,425,0,0.0575,-2.6423,0,0,0,2,0
7910,8.5612,-0.7024,-0.0896,352,690,259,750,743,480,0,-0.0138,-2.7458,0,0,0,2,0
7936,8.6862,-0.3899,-0.1521,215,609,63,749,744,531,0,0.0575,-2.4182,0,0,0,2,0
7962,8.9362,0.485,-0.3396,139,507,6,753,723,567,0,0.0288,-2.0217,0,0,0,2,0
7988,9.1862,1.86,-0.5896,80,394,0,735,739,603,0,0.0431,-2.2975,0,0,0,2,0
8014,9.6862,5.485,-1.0271,21,266,0,663,704,643,0,-0.0561,-2.0389,0,0,0,2,0
8040,10.4362,10.36,-1.0271,8,201,0,611,690,650,0,2.8225,-3.1251,0,0,0,2,0
8066,11.2487,13.9225,-0.5271,4,111,0,562,668,645,0,9.6325,-0.5217,0,0,0,2,0
8092,12.4362,17.61,0.7228,3,57,0,498,630,624,0,8.7494,0.7196,0,0,0,2,0
8117,14.7487,23.5475,3.9728,2,16,0,379,542,433,0,22.4379,1.03,0,0,0,3,0
8142,17.6862,29.485,7.3478,7,15,0,267,239,77,0,22.6246,2.9093,0,0,0,3,0
8167,19.9362,32.9225,9.4728,83,21,0,201,32,7,0,40.5697,26.9955,0,0,0,3,0
8192,22.3737,35.9225,12.4728,105,19,0,200,32,0,0,39.6973,42.0472,0,0,0,3,0
8218,22.3737,35.36,12.9728,129,17,0,213,43,0,0,39.6973,6.0989,0,0,0,3,0
8243,22.2487,34.6725,13.0353,148,16,0,221,58,0,0,42.8857,59.9782,0,0,0,3,0
8269,22.1862,33.61,12.4728,156,12,0,238,61,0,0,42.8857,50.0645,0,0,0,3,0
8295,21.5612,32.0475,11.0978,157,11,0,255,75,0,0,42.8857,18.3403,0,0,0,3,0
8321,20.6862,30.735,9.8478,159,9,0,253,75,0,0,12.4559,5.6162,0,0,0,3,0
8346,18.8737,28.5475,7.3478,151,9,0,263,73,0,0,12.5441,6.6851,0,0,0,3,0
8371,17.2487,26.6725,5.2853,147,9,0,261,68,0,0,0.0575,5.9093,0,0,0,3,0
8396,14.4362,23.0475,1.9103,141,8,0,266,66,0,0,0.072,5.03,0,0,0,3,0
8421,12.6237,20.11,-0.3396,122,8,0,269,67,0,0,1.6449,4.1334,0,0,0,3,0
8446,10.1862,15.0475,-3.4021,115,8,0,270,67,0,0,25.9319,3.2541,0,0,0,3,0
8471,8.6862,11.36,-5.2146,109,8,0,274,63,0,0,25.7059,2.7886,0,0,0,3,0
8496,6.8737,5.6725,-7.3396,92,8,0,271,67,0,0,34.3229,-0.8837,0,0,0,3,0
8521,5.8737,1.86,-8.3396,76,6,0,269,82,0,0,16.7734,1.6679,0,0,0,3,0
8546,4.3112,-3.2024,-9.0271,70,4,0,266,106,0,0,16.7734,1.8231,0,0,0,3,0
8571,3.4987,-5.4524,-9.2146,76,2,0,255,117,0,0,79.9256,-2.3665,0,0,0,3,0
8596,3.1237,-6.7024,-9.3396,268,4,0,253,74,0,0,76.096,1.1334,0,0,0,3,0
8621,3.2487,-7.3899,-8.7771,591,17,0,256,36,0,0,36.8609,0.6162,0,0,0,0,0
8646,4.3112,-5.9524,-5.4646,740,55,0,300,11,0,0,8.1687,-2.0561,0,0,0,0,0
8671,4.6862,-4.5149,-3.5271,752,292,11,482,13,0,0,1.2492,-1.7286,0,0,0,0,0
8697,5.3737,-1.0149,-0.6521,757,402,67,519,249,4,0,-0.2743,-1.401,0,0,0,0,0
8723,5.6237,-1.1399,-0.1521,769,472,190,567,374,25,0,0.0431,-2.7803,0,0,0,0,0
8749,5.7487,-1.2024,0.1603,773,522,349,577,456,91,0,0.0003,-2.832,0,0,0,0,0
8775,5.7487,-1.4524,0.2853,776,535,403,569,501,146,0,-0.098,-0.9355,0,0,0,0,0
8801,5.6862,-1.7649,0.3478,779,546,410,563,514,175,0,0.072,-1.1251,0,0,0,0,0
8827,5.6237,-1.7649,0.3478,780,559,427,569,528,182,0,0.101,-1.2975,0,0,0,1,0
8853,5.6237,-1.7649,0.2853,777,559,432,581,545,200,0,0.1157,-1.763,0,0,0,1,0
8879,5.6237,-1.6399,0.2853,782,575,439,590,559,200,0,0.1303,-1.7975,0,0,0,1,0
8905,5.5612,-1.3899,0.1603,777,560,425,605,571,190,0,0.0575,-1.7975,0,0,0,1,0
8931,5.5612,-1.2649,0.0978,787,575,413,616,580,156,0,0.0575,-1.4182,0,0,0,1,0
8957,5.4987,-1.0774,0.0353,778,584,393,631,591,116,0,0.0145,-1.4355,0,0,0,1,0
8983,5.4362,-0.9524,-0.0896,777,591,387,642,614,69,0,0.0431,-1.4355,0,0,0,1,0
9009,5.3737,-0.8899,-0.1521,784,606,386,651,603,51,0,0.0575,-1.4355,0,0,0,1,0
9035,5.3737,-0.8899,-0.2146,768,609,391,670,623,42,0,0.0145,-1.4355,0,0,0,1,0
9061,5.3737,-0.8899,-0.2146,78,0,296,0,627,37,0,0.0575,-1.4699,0,0,0,1,0
9086,5.3112,-0.8899,-0.2771,768,626,411,695,639,39,0,0,-1.5044,0,0,0,1,0
9112,5.3112,-0.8899,-0.2771,771,632,427,672,641,41,0,-0.0561,-1.5044,0,0,0,1,0
9138,5.3112,-0.9524,-0.2146,774,639,447,685,648,46,0,-0.2875,-1.5044,0,0,0,1,0
9164,5.3112,-1.0149,-0.1521,772,644,452,683,658,54,0,0.1157,-1.5217,0,0,0,1,0
9190,5.3112,-1.0774,-0.0896,765,648,483,681,667,61,0,0.2951,-1.1079,0,0,0,1,0
9216,5.3112,-1.2649,0.1603,764,650,512,691,672,83,0,0.4193,-1.1941,0,0,0,1,0
9242,5.3112,-1.4524,0.2853,759,655,532,698,677,112,0,0.3413,-3.1941,0,0,0,1,0
9268,5.3112,-1.6399,0.4728,763,660,551,699,688,136,0,0.2647,-1.401,0,0,0,1,0
9294,5.3737,-1.8274,0.7228,750,667,560,697,697,191,0,0.4036,-1.4872,0,0,0,1,0
9320,5.3737,-2.0149,0.9103,739,687,577,706,709,229,0,0.4987,-1.9872,0,0,0,1,0
9346,5.4362,-2.0149,0.9728,720,659,583,710,731,291,0,0.5472,-2.4354,0,0,0,1,0
9372,5.4987,-1.8899,1.0978,698,667,570,717,712,359,0,0.4987,-1.763,0,0,0,1,0
9398,5.6237,-1.7649,1.0978,511,640,438,726,751,438,0,0.2799,-1.9182,0,0,0,2,0
9424,5.8112,-1.3899,1.0978,297,536,119,730,736,530,0,0.3258,-2.0217,0,0,0,2,0
9450,6.1862,-0.3274,0.9103,168,412,13,723,739,580,0,0.0575,-4.0217,0,0,0,2,0
9476,6.6237,1.4225,0.7228,89,259,4,656,737,596,0,0.0145,-3.1251,0,0,0,2,0
9501,7.8112,6.2975,0.6603,12,102,3,584,697,608,0,-0.2743,-3.2113,0,0,0,2,0
9527,9.3737,10.9225,1.3478,7,26,2,528,643,613,0,5.4403,0.03,0,0,0,2,0
9552,12.7487,18.2975,4.5353,4,9,2,378,572,388,0,5.4403,-2.2286,0,0,0,3,0
9577,15.1237,22.985,7.4103,6,4,0,329,371,144,0,16.9001,-0.1423,0,0,0,3,0
9602,18.6237,29.5475,11.2228,110,16,0,270,92,24,0,26.3927,0.0989,0,0,0,3,0
9628,20.4987,32.61,13.8478,168,17,0,244,53,8,0,26.8652,-0.4355,0,0,0,3,0
9654,20.9987,32.985,14.9103,204,12,0,227,59,0,0,31.4289,58.5989,0,0,0,3,0
9680,20.6862,32.36,14.9728,215,12,0,220,56,0,0,33.6462,4.8576,0,0,0,3,0
9705,20.2487,31.36,14.1603,216,10,0,225,59,0,0,33.6462,1.8576,0,0,0,3,0
9730,19.4987,30.235,13.0353,219,7,0,229,60,0,0,30.2581,5.4265,0,0,0,3,0
9755,17.8112,28.0475,10.5978,211,7,0,239,59,0,0,30.5447,0.5644,0,0,0,3,0
9780,15.6237,25.36,7.5978,216,7,0,236,55,0,0,0.101,5.4782,0,0,0,3,0
9805,14.2487,23.2975,5.5978,211,7,0,239,51,0,0,-0.1803,1.03,0,0,0,3,0
9830,12.9362,20.9225,3.4728,204,7,0,248,51,0,0,-0.0138,-0.0906,0,0,0,3,0
9855,10.8112,16.735,0.1603,200,6,0,246,52,0,0,9.1802,0.3058,0,0,0,3,0
9880,9.2487,13.61,-1.9646,192,6,0,250,51,0,0,9.766,3.4093,0,0,0,3,0
9905,6.7487,8.5475,-4.4646,182,6,0,251,53,0,0,22.6246,3.03,0,0,0,3,0
9930,5.1862,4.985,-5.5896,164,6,0,251,63,0,0,16.7734,2.6679,0,0,0,3,0
9955,3.5612,0.0475,-6.5271,148,6,0,246,75,0,0,16.9001,1.8231,0,0,0,3,0
9980,2.9362,-2.5149,-6.9646,144,4,0,242,77,0,0,11.451,1.892,0,0,0,3,0
10005,2.6862,-5.2024,-7.5271,169,2,0,246,91,0,0,79.9256,1.3231,0,0,0,3,0
10030,2.9362,-6.5774,-7.8396,532,16,0,263,28,0,0,62.5487,-1.5561,0,0,0,0,0
10056,3.7487,-7.2649,-6.9021,735,40,0,287,9,0,0,1.9205,-0.0734,0,0,0,0,0
10081,4.9362,-5.8274,-4.7771,760,131,0,360,0,0,0,5.2462,-0.2113,0,0,0,0,0
10106,5.6237,-2.7649,-3.0896,768,366,18,488,0,0,0,-0.261,-1.901,0,0,0,0,0
10132,6.1237,-1.2649,-1.5271,769,470,108,567,202,3,0,0.0431,-3.0906,0,0,0,0,0
10158,6.3112,-0.7649,-0.5271,775,532,292,586,361,30,0,0.0575,-3.2286,0,0,0,0,0
10184,6.3737,-0.9524,-0.3396,782,555,363,598,419,61,0,0.0865,-3.3837,0,0,0,0,0
10210,6.4362,-1.0774,-0.2771,783,558,378,592,456,70,0,0.0288,-1.1079,0,0,0,0,0
10236,6.3737,-1.2649,-0.3396,784,575,389,580,459,67,0,0.0575,-1.7458,0,0,0,0,0
10262,6.3112,-1.2649,-0.4021,785,557,374,581,444,54,0,0.072,-1.7803,0,0,0,0,0
10288,6.2487,-1.2649,-0.5271,784,567,354,579,440,46,0,0.0865,-1.8148,0,0,0,0,0
10314,6.1862,-1.1399,-0.5896,781,548,338,582,455,37,0,0.0575,-1.832,0,0,0,0,0
10340,6.1862,-1.0774,-0.6521,795,565,332,588,464,29,0,0.0431,-1.832,0,0,0,0,0
10366,6.1237,-1.0774,-0.7146,781,560,336,601,495,15,0,0.0288,-1.832,0,0,0,0,0
10392,6.1237,-1.0149,-0.6521,783,573,334,613,510,12,0,0.0288,-1.8148,0,0,0,0,0
10418,6.0612,-1.0149,-0.6521,768,583,339,625,514,10,0,0.0288,-1.4182,0,0,0,0,0
10444,6.0612,-0.9524,-0.6521,772,597,358,646,539,11,0,0.0288,-1.7803,0,0,0,1,0
10470,5.9987,-0.8899,-0.6521,779,606,382,651,564,14,0,-0.2743,-1.7975,0,0,0,1,0
10496,5.9987,-0.8274,-0.5896,772,615,407,671,595,21,0,0.0431,-1.8665,0,0,0,1,0
10522,5.9987,-0.8274,-0.5271,778,623,430,647,617,25,0,-0.0561,-1.7975,0,0,0,1,0
10548,5.9362,-0.8899,-0.4021,775,636,463,676,637,28,0,0.1598,-1.8665,0,0,0,1,0
10574,5.9362,-0.8899,-0.2771,773,643,485,664,651,43,0,0.2194,-1.8492,0,0,0,1,0
10600,5.9362,-0.9524,-0.0896,771,649,503,679,661,54,0,-0.0701,-1.832,0,0,0,1,0
10626,5.9362,-1.0149,-0.0271,765,652,496,696,671,79,0,0.2799,-1.3837,0,0,0,1,0
10652,5.8737,-1.0149,0.0353,759,663,529,695,678,112,0,0.3879,-1.4182,0,0,0,1,0
10678,5.9362,-1.0774,0.1603,748,664,547,704,693,155,0,0.3413,-1.4872,0,0,0,1,0
10704,5.9362,-1.0774,0.2853,740,671,557,710,703,200,0,0.2495,-1.0561,0,0,0,1,0
10730,5.9987,-1.1399,0.4103,731,687,576,713,710,233,0,0.2495,-2.6768,0,0,0,1,0
10756,6.0612,-1.1399,0.5353,724,673,580,719,733,281,0,0.2951,-1.2458,0,0,0,1,0
10782,6.1237,-1.1399,0.6603,680,695,581,724,728,331,0,0.2951,-1.4182,0,0,0,1,0
10808,6.2487,-1.0149,0.7228,604,672,539,736,746,393,0,0.1895,-1.5217,0,0,0,2,0
10834,6.3112,-0.8274,0.7228,435,668,396,735,720,458,0,0.2044,-1.7286,0,0,0,2,0
10860,6.5612,-0.3899,0.6603,239,593,132,751,744,513,0,0.0145,-2.3665,0,0,0,2,0
10886,6.7487,0.0475,0.5353,113,457,7,737,752,592,0,0.0288,-2.4872,0,0,0,2,0
10912,7.2487,1.735,0.2853,63,312,0,703,736,616,0,0.0288,-2.6596,0,0,0,2,0
10938,8.1862,5.985,-0.0896,14,180,0,636,714,626,0,0.679,-2.0734,0,0,0,2,0
10964,9.3112,9.9225,0.2228,7,67,0,561,677,621,0,0.2799,-0.7458,0,0,0,2,0
10989,10.8112,14.11,1.4103,3,12,0,508,647,596,0,7.3157,-1.0044,0,0,0,2,0
11015,13.5612,20.5475,4.8478,2,2,0,349,517,322,0,18.2377,-0.1079,0,0,0,3,0
11041,16.3737,27.0475,8.1603,15,6,0,340,280,88,0,18.8112,-1.0906,0,0,0,3,0
11067,18.1862,30.86,10.2228,95,20,0,309,69,10,0,28.3584,3.4265,0,0,0,3,0
11093,19.8112,33.985,13.1603,112,22,0,305,74,3,0,28.3584,3.5644,0,0,0,3,0
11119,19.7487,34.0475,13.3478,139,18,0,294,72,0,0,33.982,0.0472,0,0,0,3,0
11145,19.3112,33.61,12.9728,152,15,0,282,76,0,0,39.6973,5.9782,0,0,0,3,0
11171,18.7487,32.735,12.1603,165,12,0,278,76,0,0,39.6973,5.9955,0,0,0,3,0
11197,17.8112,30.985,10.5978,169,12,0,277,71,0,0,47.048,1.1334,0,0,0,3,0
11223,16.5612,28.61,8.5353,170,8,0,271,67,0,0,0.3567,6.6334,0,0,0,3,0
11248,15.6237,26.9225,6.8478,175,7,0,269,56,0,0,0.3567,6.6679,0,0,0,3,0
11273,13.9362,24.0475,3.9728,168,7,0,270,53,0,0,0.0865,5.7024,0,0,0,3,0
11298,12.0612,20.485,0.9103,164,6,0,269,52,0,0,18.9583,5.4438,0,0,0,3,0
11323,10.6237,17.5475,-0.9646,161,6,0,269,53,0,0,17.028,4.7196,0,0,0,3,0
11348,9.1237,14.1725,-2.7771,154,6,0,274,52,0,0,29.9755,3.892,0,0,0,3,0
11373,6.9362,8.9225,-5.0271,140,6,0,269,53,0,0,30.5447,3.892,0,0,0,3,0
11398,5.4987,5.2975,-6.1521,124,5,0,253,64,0,0,23.3934,3.4438,0,0,0,3,0
11423,4.1862,1.7975,-6.8396,111,3,0,237,69,0,0,15.2303,3.0989,0,0,0,3,0
11448,2.4362,-2.5774,-7.0271,109,3,0,228,77,0,0,15.4557,2.6334,0,0,0,3,0
11473,1.3112,-5.3899,-6.7771,111,2,0,230,84,0,0,9.766,2.5644,0,0,0,3,0
11498,0.9362,-6.9524,-6.7771,233,5,0,233,59,0,0,9.766,1.461,0,0,0,3,0
11523,0.9362,-8.2649,-6.6521,624,17,0,229,19,0,0,105.1088,0.1162,0,0,0,0,0
11549,1.3112,-7.2024,-5.2146,760,99,0,299,4,0,0,5.2462,0.2196,0,0,0,0,0
11574,1.6237,-3.8899,-3.0896,757,348,17,479,0,0,0,-0.0138,-2.4872,0,0,0,0,0
11600,2.1862,-1.3274,-1.6521,765,464,137,564,241,14,0,0.0003,-0.332,0,0,0,0,0
11626,2.4987,-0.9524,-0.1521,776,527,319,600,379,59,0,-0.2875,-2.2975,0,0,0,0,0
11652,2.5612,-1.0149,-0.0896,786,552,392,611,448,98,0,0.0575,-1.9182,0,0,0,0,0
11678,2.5612,-1.0774,-0.1521,784,564,415,597,486,114,0,0.0575,-1.263,0,0,0,0,0
11704,2.5612,-1.1399,-0.2146,779,566,424,579,484,122,0,0.0145,-0.9699,0,0,0,0,0
11730,2.5612,-1.2649,-0.2146,783,551,407,555,471,131,0,0.072,-1.0389,0,0,0,0,0
11756,2.4987,-1.2649,-0.2146,782,544,406,538,454,136,0,0.0865,-0.5734,0,0,0,0,0
11782,2.4362,-1.2649,-0.2146,784,526,394,519,436,159,0,0.072,-0.5561,0,0,0,0,0
11808,2.3112,-1.2649,-0.0896,781,539,397,507,431,170,0,0.1157,-0.9182,0,0,0,0,0
11834,2.2487,-1.3274,-0.0271,781,520,405,508,435,198,0,0.1157,-1.0044,0,0,0,0,0
11860,2.2487,-1.2649,0.0978,799,531,418,518,432,227,0,0.101,-0.5561,0,0,0,0,0
11886,2.2487,-1.2024,0.3478,780,528,436,532,471,276,0,0.0575,-1.0561,0,0,0,0,0
11912,2.1862,-1.2024,0.4728,799,541,447,543,472,292,0,0.0431,-1.0734,0,0,0,0,0
11938,2.1237,-1.1399,0.5978,768,546,454,552,484,316,0,0.0575,-1.0734,0,0,0,0,0
11964,2.0612,-1.0774,0.7228,776,546,454,559,495,337,0,0.1157,-1.0561,0,0,0,0,0
11990,2.0612,-1.0774,0.7228,784,553,459,569,513,357,0,-0.261,-1.0561,0,0,0,0,0
12016,1.9987,-1.0149,0.8478,770,558,460,588,532,363,0,0.2044,-1.0561,0,0,0,1,0
12042,1.9987,-1.0774,0.9103,777,567,472,588,557,368,0,-0.2743,-1.0561,0,0,0,1,0
12068,1.9987,-1.1399,0.9728,776,574,507,605,589,379,0,0.1598,-1.0734,0,0,0,1,0
12094,1.9987,-1.2024,1.0353,775,594,524,608,629,376,0,0.4193,-1.1768,0,0,0,1,0
12120,2.0612,-1.3899,1.1603,769,609,565,643,654,373,0,0.2799,-3.8665,0,0,0,1,0
12146,2.1237,-1.7024,1.2853,767,620,560,657,677,375,0,0.679,-1.4182,0,0,0,1,0
12172,2.1862,-1.8274,1.4103,754,633,599,673,695,382,0,0.6623,-1.5217,0,0,0,1,0
12198,2.2487,-1.9524,1.5978,731,648,608,687,717,415,0,0.9373,-1.1768,0,0,0,1,0
12224,2.3112,-1.9524,1.6603,693,655,608,699,737,456,0,1.0632,-1.8492,0,0,0,1,0
12250,2.4362,-1.7024,1.7853,571,624,543,712,743,496,0,0.9909,-1.9527,0,0,0,2,0
12276,2.6237,-1.1399,1.6603,321,533,275,720,767,543,0,0.5797,-2.1768,0,0,0,2,0
12302,2.8737,-0.5149,1.4728,168,351,14,696,747,612,0,0.0145,-1.6768,0,0,0,2,0
12328,3.5612,2.11,1.2228,92,190,6,611,738,635,0,0.0145,-2.6768,0,0,0,2,0
12354,5.1237,7.61,1.7228,22,78,7,535,666,638,0,0.5148,-3.7803,0,0,0,2,0
12379,7.1237,12.2975,3.4103,11,16,5,460,634,595,0,8.5124,0.3058,0,0,0,2,0
12404,9.7487,17.36,6.2853,8,3,3,304,508,330,0,8.4541,-0.3492,0,0,0,3,0
12429,13.9987,25.2975,10.4728,115,16,1,306,240,70,0,18.3789,-0.401,0,0,0,3,0
12455,16.5612,29.985,13.2853,166,20,0,292,119,9,0,19.4087,4.1679,0,0,0,3,0
12481,17.5612,32.735,14.9103,194,18,0,285,105,0,0,25.9319,3.2196,0,0,0,3,0
12507,17.4362,33.235,14.5978,214,18,0,279,99,0,0,36.4812,4.9265,0,0,0,3,0
12533,17.6237,33.1725,14.2228,228,15,0,274,100,0,0,36.8609,-0.2803,0,0,0,3,0
12559,18.1862,32.1725,13.4103,231,12,0,271,106,0,0,41.4722,6.3058,0,0,0,3,0
12585,18.2487,31.11,12.5353,232,11,0,272,110,0,0,12.9962,9.4955,0,0,0,3,0
12611,17.4987,29.11,10.5353,231,8,0,263,108,0,0,13.1823,7.7541,0,0,0,3,0
12637,15.9362,26.7975,7.9103,231,7,0,266,105,0,0,0.0575,7.392,0,0,0,3,0
12662,14.4987,24.86,5.8478,228,7,0,270,88,0,0,0.0865,6.3576,0,0,0,3,0
12687,12.9362,22.5475,3.7228,226,7,0,269,85,0,0,7.0177,6.0472,0,0,0,3,0
12712,10.9362,18.2975,0.5978,217,7,0,261,77,0,0,36.1074,5.3231,0,0,0,3,0
12737,9.6862,14.985,-1.2146,207,8,0,261,67,0,0,36.4812,4.7886,0,0,0,3,0
12762,7.5612,9.5475,-3.6521,198,8,0,251,62,0,0,27.5972,4.2196,0,0,0,3,0
12787,5.3737,3.86,-5.5271,184,8,0,244,61,0,0,26.3927,3.5817,0,0,0,3,0
12812,3.9987,0.11,-6.4021,166,8,0,236,69,0,0,19.717,2.7024,0,0,0,3,0
12837,2.6237,-3.3274,-6.9021,144,7,0,236,83,0,0,12.1102,2.9438,0,0,0,3,0
12862,0.9362,-7.0774,-7.2146,146,7,0,240,87,0,0,12.1956,2.2024,0,0,0,3,0
12887,0.4987,-8.7024,-7.5271,427,13,0,250,40,0,0,65.3016,1.53,0,0,0,3,0
12912,1.1862,-9.8899,-7.7771,675,21,0,263,17,0,0,160.0254,0.7713,0,0,0,0,0
12938,2.3112,-8.4524,-5.6521,767,68,0,335,4,0,0,2.1205,-0.0906,0,0,0,0,0
12963,2.9362,-5.2024,-3.6521,765,236,0,437,0,0,0,0.0575,-0.9872,0,0,0,0,0
12988,3.4362,-2.5149,-2.7146,772,417,46,530,35,0,0,0.0575,-2.7113,0,0,0,0,0
13014,3.8737,-1.2024,-1.0271,772,509,174,586,283,1,0,-0.2743,-2.4182,0,0,0,0,0
13040,3.9362,-0.7024,-0.9646,779,532,223,589,333,3,0,0.0145,-3.3148,0,0,0,0,0
13066,3.9362,-0.6399,-1.2771,779,547,237,591,377,4,0,-0.2743,-3.3492,0,0,0,0,0
13092,3.8112,-0.5774,-1.5896,778,556,241,608,424,0,0,0.145,-3.3492,0,0,0,0,0
13118,3.7487,-0.5149,-1.7771,782,574,233,616,471,0,0,0.0575,-3.3492,0,0,0,0,0
13144,3.6237,-0.4524,-1.9646,782,578,245,627,503,0,0,-0.1803,-3.2803,0,0,0,1,0
13170,3.6237,-0.3274,-2.0271,779,590,266,640,545,0,0,0.0145,-3.2975,0,0,0,1,0
13196,3.5612,-0.3274,-2.0271,784,611,283,643,573,0,0,0.0288,-3.2458,0,0,0,1,0
13222,3.5612,-0.2024,-1.9646,777,616,282,669,597,2,0,0.0003,-2.8837,0,0,0,1,0
13248,3.5612,-0.0774,-1.9646,774,638,293,675,613,4,0,0.0575,-2.4182,0,0,0,1,0
13274,3.5612,0.1725,-2.0896,776,640,298,690,630,5,0,0.0003,-2.7458,0,0,0,1,0
13300,3.5612,0.235,-2.1521,770,659,305,699,632,9,0,0.0003,-2.3837,0,0,0,1,0
13326,3.4987,0.36,-2.2771,771,672,306,715,635,9,0,-0.0138,-1.9527,0,0,0,1,0
13352,3.4987,0.485,-2.3396,767,681,307,714,655,12,0,-0.0138,-1.9355,0,0,0,1,0
13378,3.4987,0.5475,-2.4021,765,688,318,721,649,14,0,0.0145,-1.5734,0,0,0,1,0
13404,3.4987,0.61,-2.3396,749,698,343,735,657,28,0,-0.0138,-1.5906,0,0,0,1,0
13430,3.4987,0.5475,-2.2771,767,696,384,731,656,40,0,-0.2074,-1.2458,0,0,0,1,0
13456,3.5612,0.485,-2.0271,756,704,415,735,680,51,0,-0.0138,-1.3148,0,0,0,1,0
13482,3.6237,0.36,-1.7771,742,705,446,720,693,72,0,-0.1118,-1.3837,0,0,0,1,0
13508,3.6237,0.2975,-1.5896,735,707,478,739,702,113,0,-0.2875,-1.5044,0,0,0,1,0
13534,3.6862,0.1725,-1.2771,699,705,481,720,716,191,0,0.0865,-1.5044,0,0,0,1,0
13560,3.7487,0.1725,-1.0896,648,702,479,740,727,279,0,-0.2875,-1.2975,0,0,0,1,0
13586,3.8737,0.36,-0.8396,532,699,374,742,739,383,0,-0.0138,-1.9182,0,0,0,2,0
13612,3.9362,0.5475,-0.6521,344,695,205,748,742,464,0,0.0575,-1.5906,0,0,0,2,0
13638,4.1862,0.9225,-0.4646,149,640,49,756,746,550,0,0.0145,-2.332,0,0,0,2,0
13664,4.3737,1.5475,-0.3396,97,570,9,760,751,596,0,0.0288,-2.4699,0,0,0,2,0
13690,4.5612,2.36,-0.5271,69,484,0,755,749,608,0,-0.028,-2.2113,0,0,0,2,0
13716,4.9362,4.6725,-0.9646,19,334,0,725,759,623,0,0.3723,-2.6596,0,0,0,2,0
13742,5.4362,7.485,-1.2771,6,160,0,628,707,633,0,0.3723,-2.1596,0,0,0,2,0
13768,6.8737,13.7975,-0.8396,3,37,0,553,679,629,0,5.3232,-2.1596,0,0,0,2,0
13794,9.3737,21.0475,2.4103,3,4,0,456,609,536,0,17.028,-0.6251,0,0,0,2,0
13819,11.1862,25.86,5.6603,2,0,0,277,495,375,0,17.1572,0.1162,0,0,0,3,0
13844,13.9987,33.235,9.8478,7,0,0,234,247,107,0,31.4289,0.6679,0,0,0,3,0
13869,15.6237,37.235,12.4728,123,4,0,180,28,21,0,29.9755,2.4265,0,0,0,3,0
13895,16.5612,39.4225,14.5978,132,4,0,196,26,11,0,147.764,88.4093,0,0,0,3,0
13921,16.6237,38.11,15.3478,157,5,0,204,31,5,0,36.4812,0.2541,0,0,0,3,0
13946,17.4987,36.2975,15.9103,168,2,0,205,36,2,0,41.4722,9.1162,0,0,0,3,0
13971,17.8737,34.9225,15.5978,173,2,0,217,41,0,0,41.4722,1.03,0,0,0,3,0
13996,17.4987,33.36,14.5978,173,2,0,227,47,0,0,41.4722,1.8403,0,0,0,3,0
14021,15.9362,30.985,12.1603,171,2,0,238,50,0,0,15.8018,7.392,0,0,0,3,0
14046,13.8112,28.235,9.0353,171,3,0,247,48,0,0,0.072,6.8748,0,0,0,3,0
14071,12.4362,26.235,6.7853,167,3,0,247,45,0,0,0.0575,1.5127,0,0,0,3,0
14096,10.6237,22.36,3.4728,160,3,0,251,43,0,0,4.5902,1.1334,0,0,0,3,0
14121,9.6862,19.2975,1.4103,148,3,0,244,42,0,0,31.13,0.7369,0,0,0,3,0
14146,8.6862,15.7975,-0.5271,137,3,0,237,43,0,0,27.8476,1.6162,0,0,0,3,0
14171,6.9362,10.1725,-3.0896,129,3,0,230,40,0,0,23.1978,4.3403,0,0,0,3,0
14196,4.9362,4.485,-5.0271,111,3,0,228,41,0,0,25.0443,3.7886,0,0,0,3,0
14221,3.6237,0.7975,-6.0896,89,3,0,230,46,0,0,17.8224,3.6851,0,0,0,3,0
14246,1.8737,-3.8899,-7.1521,84,3,0,232,68,0,0,17.8224,2.6851,0,0,0,3,0
14271,0.9987,-6.2024,-7.5896,86,3,0,232,70,0,0,12.1102,2.1507,0,0,0,3,0
14296,0.6862,-7.8274,-7.6521,240,5,0,229,50,0,0,8.0019,1.6162,0,0,0,3,0
14321,0.8112,-9.6399,-7.4646,639,14,0,232,16,0,0,147.764,0.8231,0,0,0,0,0
14347,1.3737,-8.4524,-5.7146,738,44,0,335,4,0,0,2.7968,-0.0044,0,0,0,0,0
14372,1.3112,-7.0774,-4.9646,769,109,0,388,0,0,0,2.8485,-0.5044,0,0,0,0,0
14397,1.6862,-4.2649,-4.2771,756,395,17,488,0,0,0,-0.2875,-3.0217,0,0,0,0,0
14423,2.1237,-1.8274,-2.8396,780,493,144,592,115,0,0,0.0003,-2.7803,0,0,0,0,0
14449,2.4987,-1.1399,-1.3396,784,534,311,593,288,9,0,-0.2875,-2.9527,0,0,0,0,0
14475,2.6237,-1.1399,-0.9021,786,548,368,587,352,26,0,0.0288,-1.0217,0,0,0,0,0
14501,2.6862,-1.3274,-0.7146,789,539,392,563,373,43,0,0.101,-0.6079,0,0,0,0,0
14527,2.6862,-1.3899,-0.5896,786,522,384,541,367,71,0,0.101,-2.5734,0,0,0,0,0
14553,2.5612,-1.4524,-0.5271,788,518,381,527,370,94,0,0.1303,-3.4182,0,0,0,0,0
14579,2.4987,-1.4524,-0.4646,789,508,373,515,376,108,0,0.1157,-3.8665,0,0,0,0,0
14605,2.4362,-1.4524,-0.3396,783,509,369,515,391,131,0,0.1157,-2.6079,0,0,0,0,0
14631,2.4362,-1.4524,-0.1521,784,527,381,513,398,164,0,0.0865,-0.6596,0,0,0,0,0
14657,2.4362,-1.3899,-0.0271,781,512,387,524,412,188,0,0.0865,-0.6423,0,0,0,0,0
14683,2.4362,-1.3274,0.0978,799,520,393,536,389,213,0,0.1157,-1.0561,0,0,0,0,0
14709,2.4362,-1.2649,0.1603,781,528,407,548,413,236,0,0.072,-1.1423,0,0,0,0,0
14735,2.3737,-1.1399,0.2853,797,547,431,575,448,271,0,0.1157,-1.1596,0,0,0,0,0
14761,2.3112,-1.0774,0.2853,768,565,456,607,498,277,0,0.1598,-1.1768,0,0,0,0,0
14787,2.3112,-1.0149,0.2853,779,586,472,625,538,273,0,0.2044,-1.1768,0,0,0,1,0
14813,2.2487,-1.0149,0.2853,768,605,494,640,565,220,0,-0.0701,-1.1941,0,0,0,1,0
14839,2.2487,-1.1399,0.2853,775,612,496,668,597,171,0,0.4668,-1.2286,0,0,0,1,0
14865,2.2487,-1.2024,0.2853,775,624,507,660,615,127,0,0.435,-1.2286,0,0,0,1,0
14891,2.3112,-1.3274,0.3478,775,632,530,673,636,115,0,0.4827,-1.2975,0,0,0,1,0
14917,2.3112,-1.5149,0.3478,763,640,546,680,651,115,0,0.4827,-1.3492,0,0,0,1,0
14943,2.3112,-1.6399,0.4728,760,653,564,688,672,127,0,0.531,-1.3148,0,0,0,1,0
14969,2.3737,-1.7024,0.5353,756,659,563,697,694,149,0,0.7805,-1.5389,0,0,0,1,0
14995,2.4362,-1.8274,0.6603,746,663,593,706,708,182,0,0.7977,-1.6768,0,0,0,1,0
15021,2.4362,-1.8274,0.7228,720,678,584,714,735,228,0,0.8495,-2.263,0,0,0,1,0
15047,2.5612,-1.7649,0.8478,680,687,589,721,735,300,0,0.7977,-2.332,0,0,0,1,0
15073,2.6237,-1.5149,0.9103,542,640,503,725,743,396,0,0.7634,-1.6768,0,0,0,2,0
15099,2.8112,-1.1399,0.9103,299,550,169,736,752,483,0,0.3879,-1.4699,0,0,0,2,0
15125,3.2487,-0.1399,0.7228,123,344,11,719,754,563,0,0.0431,-3.0561,0,0,0,2,0
15151,4.1237,2.9225,0.5978,58,194,7,629,720,594,0,0.0288,-3.0734,0,0,0,2,0
15177,5.2487,6.86,0.7853,14,68,3,565,667,574,0,0.7126,-3.3837,0,0,0,2,0
15202,7.0612,11.6725,1.8478,10,18,2,495,598,458,0,9.4359,-0.1596,0,0,0,2,0
15228,10.9362,19.36,5.5978,24,12,0,411,430,140,0,8.3388,-2.1251,0,0,0,3,0
15254,14.8112,26.735,9.4103,110,35,0,387,175,9,0,20.5168,1.4265,0,0,0,3,0
15280,16.6862,30.2975,11.8478,117,35,0,377,187,2,0,29.1506,14.7713,0,0,0,3,0
15306,17.6237,32.2975,12.6603,156,31,0,357,162,0,0,29.4218,64.2024,0,0,0,3,0
15332,17.9987,33.0475,13.1603,177,20,0,335,152,0,0,37.6387,6.4093,0,0,0,3,0
15358,18.2487,32.7975,13.1603,209,16,0,317,134,0,0,38.0371,-1.5389,0,0,0,3,0
15384,18.3112,31.7975,12.7228,217,14,0,309,126,0,0,41.4722,-1.6251,0,0,0,3,0
15410,17.9987,30.6725,11.8478,220,11,0,305,119,0,0,32.3516,8.1162,0,0,0,3,0
15436,16.9362,28.61,9.9728,221,10,0,302,115,0,0,32.6682,6.6851,0,0,0,3,0
15462,15.1862,26.0475,7.4728,219,10,0,300,96,0,0,0.0575,6.2886,0,0,0,3,0
15487,13.8112,23.985,5.4728,217,10,0,304,91,0,0,0.0865,6.53,0,0,0,3,0
15512,12.3737,21.5475,3.3478,217,9,0,304,80,0,0,0.973,6.2369,0,0,0,3,0
15537,10.3737,17.11,0.2228,207,9,0,299,75,0,0,22.2533,5.3403,0,0,0,3,0
15562,8.9987,13.6725,-1.6521,197,9,0,288,66,0,0,22.0708,4.4093,0,0,0,3,0
15587,6.6862,8.0475,-4.1521,186,9,0,282,63,0,0,23.3934,3.8748,0,0,0,3,0
15612,4.1862,2.235,-6.2146,172,8,0,271,63,0,0,25.7059,3.2886,0,0,0,3,0
15637,2.5612,-1.5149,-7.0896,143,6,0,267,73,0,0,18.0979,3.2886,0,0,0,3,0
15662,1.0612,-4.9524,-7.5896,135,5,0,256,80,0,0,11.451,2.3403,0,0,0,3,0
15687,-0.8137,-8.5149,-7.9646,139,0,0,0,80,0,0,82.662,1.9265,0,0,0,3,0
15712,-1.6887,-10.2649,-8.0896,499,12,0,277,32,0,0,61.6732,0.5817,0,0,0,0,0
15738,-1.9387,-11.6399,-7.1521,703,15,0,265,9,0,0,155.7464,-2.2286,0,0,0,0,0
15764,-1.1262,-9.8899,-5.7771,760,42,0,348,2,0,0,39.6973,-0.0561,0,0,0,0,0
15790,-0.5012,-6.5774,-4.4021,771,139,0,394,0,0,0,0.072,0.2369,0,0,0,0,0
15815,-0.1887,-4.1399,-3.5896,784,404,38,532,0,0,0,0.0288,-2.2803,0,0,0,0,0
15841,0.3112,-1.6399,-1.7146,775,499,232,591,244,20,0,0.0431,-2.3665,0,0,0,0,0
15867,0.5612,-1.0774,-0.5271,781,533,368,592,364,101,0,0.0145,-2.9527,0,0,0,0,0
15893,0.6237,-1.0774,-0.4021,770,554,421,586,440,141,0,-0.1256,-0.9699,0,0,0,0,0
15919,0.6862,-1.2024,-0.4021,783,554,436,568,505,173,0,-0.0561,-0.9872,0,0,0,0,0
15945,0.6862,-1.2024,-0.4646,781,558,439,580,528,188,0,0.0865,-1.1423,0,0,0,1,0
15971,0.6237,-1.1399,-0.5896,783,565,432,592,551,201,0,0.072,-1.1251,0,0,0,1,0
15997,0.6237,-0.8274,-0.6521,775,577,431,612,567,204,0,0.0288,-1.2286,0,0,0,1,0
16023,0.5612,-0.6399,-0.7771,774,587,416,634,596,197,0,-0.0138,-1.2286,0,0,0,1,0
16049,0.4987,-0.4524,-0.8396,777,607,431,651,612,177,0,-0.0138,-1.2458,0,0,0,1,0
16075,0.4362,-0.2024,-0.9021,772,621,446,659,623,181,0,0.0288,-1.6768,0,0,0,1,0
16101,0.3737,-0.0774,-0.9021,768,631,460,678,654,198,0,-0.0138,-2.5389,0,0,0,1,0
16127,0.3112,-0.0149,-0.8396,774,654,472,687,653,202,0,0.0003,-2.5217,0,0,0,1,0
16153,0.3112,0.0475,-0.8396,766,647,482,685,664,212,0,-0.028,-2.5217,0,0,0,1,0
16179,0.3112,0.0475,-0.8396,767,647,485,691,653,191,0,0.0145,-2.0906,0,0,0,1,0
16205,0.3112,0.0475,-0.7771,768,640,491,694,669,164,0,0.0431,-1.5561,0,0,0,1,0
16231,0.3112,-0.0774,-0.7146,777,658,500,700,663,135,0,0.0145,-1.6596,0,0,0,1,0
16257,0.3112,-0.2024,-0.6521,746,663,504,715,682,120,0,0.072,-1.2113,0,0,0,1,0
16283,0.3112,-0.2649,-0.5896,757,667,513,702,688,131,0,0.2344,-1.1596,0,0,0,1,0
16309,0.3112,-0.3899,-0.5271,736,675,528,710,701,137,0,0.0431,-1.2975,0,0,0,1,0
16335,0.3112,-0.3899,-0.4646,738,684,538,710,708,166,0,0.0575,-1.4182,0,0,0,1,0
16361,0.3737,-0.3899,-0.4021,719,689,548,724,716,199,0,0.1157,-1.1079,0,0,0,1,0
16387,0.4362,-0.3899,-0.2771,695,695,548,732,724,263,0,0.1303,-1.7803,0,0,0,1,0
16413,0.4987,-0.3274,-0.2146,633,693,547,734,732,328,0,0.0431,-1.9699,0,0,0,2,0
16439,0.5612,-0.2024,-0.1521,544,694,496,742,739,433,0,0.1598,-2.1768,0,0,0,2,0
16465,0.6862,0.0475,-0.0271,385,683,384,743,748,499,0,-0.0138,-2.3148,0,0,0,2,0
16491,0.8737,0.36,-0.0271,245,657,181,749,751,539,0,-0.0138,-2.4182,0,0,0,2,0
16517,0.9987,0.6725,-0.0271,95,549,23,751,767,578,0,0.0145,-2.5044,0,0,0,2,0
16543,1.2487,1.6725,-0.2146,60,449,1,747,751,600,0,-0.0138,-2.1941,0,0,0,2,0
16569,1.5612,3.11,-0.5271,34,310,0,710,739,626,0,0.6623,-2.1768,0,0,0,2,0
16595,2.3112,7.4225,-1.1521,10,203,0,649,692,628,0,0.6957,-1.9527,0,0,0,2,0
16621,3.8737,14.0475,-1.0271,5,67,0,607,673,623,0,6.6838,-2.5561,0,0,0,2,0
16647,5.4987,18.61,0.3478,3,22,0,515,564,496,0,6.6372,0.1334,0,0,0,2,0
16672,7.0612,23.0475,2.4103,3,16,0,439,370,182,0,19.5621,-0.763,0,0,0,3,0
16698,9.7487,30.485,5.5353,33,44,0,397,93,37,0,31.4289,2.1851,0,0,0,3,0
16723,10.8737,32.7975,7.0978,45,64,0,407,70,7,0,28.6189,2.6162,0,0,0,3,0
16748,11.4987,33.235,8.1603,76,55,0,399,51,0,0,38.0371,2.6507,0,0,0,3,0
16773,12.7487,33.235,9.1603,105,38,0,383,58,0,0,38.442,5.5989,0,0,0,3,0
16799,13.3737,32.36,9.5353,129,25,0,366,58,0,0,41.4722,12.0472,0,0,0,3,0
16825,14.0612,30.9225,9.5353,146,20,0,359,59,0,0,39.6973,6.0127,0,0,0,3,0
16850,14.2487,29.6725,9.2853,160,16,0,354,59,0,0,39.6973,13.2713,0,0,0,3,0
16876,14.1237,27.5475,8.4728,167,15,0,353,60,0,0,33.982,-2.0734,0,0,0,3,0
16902,13.4987,25.0475,6.9728,172,16,0,351,56,0,0,33.6462,-3.0389,0,0,0,3,0
16928,13.0612,23.235,5.7228,175,16,0,353,54,0,0,0.4193,-3.0217,0,0,0,3,0
16953,12.1237,20.11,3.5353,164,17,0,357,46,0,0,0.0865,-2.5561,0,0,0,3,0
16978,11.3112,17.735,1.9728,146,20,0,368,40,0,0,0.0865,3.6334,0,0,0,3,0
17003,10.2487,15.235,0.2228,120,23,0,371,30,0,0,1.8987,3.5127,0,0,0,3,0
17028,8.3737,11.485,-2.2771,94,34,0,383,25,0,0,3.8692,2.961,0,0,0,3,0
17053,6.6862,7.985,-4.3396,65,36,0,382,21,0,0,3.9002,2.4782,0,0,0,3,0
17078,5.6862,5.86,-5.2146,62,35,0,376,21,0,0,6.591,1.5817,0,0,0,3,0
17103,3.9362,3.2975,-5.7771,57,30,0,375,22,0,0,6.591,1.2024,0,0,0,3,0
17128,2.4362,1.61,-6.1521,58,25,0,375,33,0,0,6.591,-0.0044,0,0,0,3,0
17153,1.1862,0.4225,-6.2771,333,113,0,438,20,0,0,42.8857,0.7541,0,0,0,3,0
17178,0.4987,0.2975,-5.5896,691,333,21,548,304,0,0,2.5699,-2.0906,0,0,0,0,0
17204,1.5612,-0.0149,-0.5896,704,401,75,575,464,3,0,0.0288,-0.9182,0,0,0,1,0
17230,1.4987,-0.3274,-0.3396,745,460,223,618,593,32,0,-0.0561,-2.2975,0,0,0,1,0
17256,1.6237,-0.5149,-0.0271,744,519,369,655,621,62,0,0.0145,-0.7975,0,0,0,1,0
17282,1.6237,-0.7649,0.0978,763,558,458,656,641,120,0,0.1157,-0.6941,0,0,0,1,0
17308,1.5612,-1.0149,0.2228,768,592,526,672,663,189,0,-0.0701,-1.332,0,0,0,1,0
17334,1.6237,-1.2024,0.2228,759,618,562,688,679,254,0,0.2495,-3.9527,0,0,0,1,0
17360,1.6237,-1.2024,0.2228,764,624,573,696,679,298,0,0.145,-3.5561,0,0,0,1,0
17386,1.6862,-1.1399,0.0978,762,628,576,696,688,331,0,0.2044,-3.1079,0,0,0,1,0
17412,1.6862,-1.0149,0.0353,757,628,560,698,688,367,0,0.1303,-3.9182,0,0,0,1,0
17438,1.6862,-0.8899,-0.0896,749,630,566,699,685,392,0,0.0865,-3.3665,0,0,0,1,0
17464,1.6862,-0.7649,-0.1521,746,628,560,697,691,426,0,0.0865,-1.401,0,0,0,1,0
17490,1.6862,-0.5774,-0.2146,744,639,567,702,692,426,0,-0.0138,-1.332,0,0,0,1,0
17516,1.6862,-0.5149,-0.2146,743,624,570,701,715,460,0,0.0003,-1.2975,0,0,0,1,0
17542,1.6862,-0.5149,-0.2146,746,663,581,709,697,466,0,0.0003,-1.2975,0,0,0,1,0
17568,1.6862,-0.5149,-0.2146,744,643,579,705,695,496,0,0.0003,-1.2803,0,0,0,1,0
17594,1.6862,-0.5149,-0.2146,759,648,583,707,688,504,0,0.0003,-1.263,0,0,0,1,0
17620,1.6862,-0.5149,-0.2146,728,644,583,719,694,505,0,-0.0138,-1.263,0,0,0,1,0
17646,1.6862,-0.5149,-0.1521,742,648,586,707,701,519,0,-0.0561,-1.1596,0,0,0,1,0
17672,1.7487,-0.5149,-0.1521,736,648,592,711,704,533,0,-0.028,-1.2458,0,0,0,1,0
17698,1.7487,-0.5149,-0.0896,730,648,592,724,709,536,0,0.0145,-1.7113,0,0,0,1,0
17724,1.8112,-0.5774,-0.0271,738,650,599,712,704,539,0,-0.2875,-1.2286,0,0,0,1,0
17750,1.8112,-0.6399,0.0353,728,650,595,716,707,542,0,0.2044,-1.332,0,0,0,1,0
17776,1.8112,-0.7024,0.0978,731,648,592,713,703,536,0,0.2799,-1.0734,0,0,0,1,0
17802,1.8112,-0.7649,0.2228,729,648,596,711,704,530,0,0.3413,-1.1768,0,0,0,1,0
17828,1.8737,-0.8899,0.2853,726,642,568,712,704,535,0,0.435,-1.2975,0,0,0,1,0
17854,1.8737,-0.9524,0.3478,711,635,565,716,704,504,0,0.4193,-1.8837,0,0,0,1,0
17880,1.9362,-0.9524,0.3478,709,618,528,712,700,479,0,0.5634,-2.0561,0,0,0,1,0
17906,1.9362,-0.9524,0.4103,711,615,506,703,694,410,0,0.5797,-2.0734,0,0,0,1,0
17932,1.9987,-0.9524,0.4728,711,560,468,689,687,351,0,0.5634,-2.4182,0,0,0,1,0
17958,1.9362,-0.9524,0.5353,713,543,412,668,643,260,0,0.5472,-2.332,0,0,0,1,0
17984,1.9362,-0.9524,0.5353,718,508,380,647,629,219,0,0.5634,-1.832,0,0,0,1,0
18010,1.8737,-1.0149,0.6603,735,483,352,629,608,182,0,0.5797,-1.263,0,0,0,1,0
18036,1.8737,-1.0774,0.7228,720,469,326,615,589,158,0,0.6291,-1.1596,0,0,0,1,0
18062,1.8737,-1.1399,0.7853,729,444,276,607,576,135,0,0.5472,-1.5044,0,0,0,1,0
18088,1.8737,-1.1399,0.8478,724,432,246,601,554,110,0,0.6957,-1.7803,0,0,0,1,0
18114,1.8737,-1.1399,0.8478,726,422,225,598,538,90,0,0.5634,-1.8492,0,0,0,1,0
18140,1.8737,-1.2024,0.8478,732,412,205,581,517,78,0,0.2344,-1.7975,0,0,0,1,0
18166,1.9362,-1.2649,0.7853,730,398,182,581,495,56,0,0.6623,-1.1941,0,0,0,1,0
18192,1.9362,-1.3274,0.7853,733,391,173,566,484,51,0,0.4193,-1.2286,0,0,0,1,0
18218,1.9362,-1.3274,0.8478,740,392,169,565,478,48,0,0.5961,-1.1768,0,0,0,1,0
18244,1.9362,-1.3899,0.8478,735,394,168,563,483,48,0,0.6291,-0.6251,0,0,0,1,0
18270,1.9362,-1.3899,0.9103,737,395,179,567,484,46,0,0.5797,-0.5906,0,0,0,1,0
18296,1.9362,-1.3899,0.9103,736,398,176,563,489,47,0,0.6126,-0.5734,0,0,0,1,0
18322,1.9362,-1.3899,0.9103,735,406,185,569,487,46,0,0.6291,-0.5389,0,0,0,1,0
