2340,-0.1281,1.0193,0.3807,732,227,275,484,536,0,0,30.1209,-71.5177,0,0,0,1,0,2314,0.0599,0.9384,-0.6274,756,539,342,620,406,62,0,8.2448,0.3381,0,0,0,1,0,25
2366,-0.1281,1.0193,0.3807,737,227,276,493,535,0,0,30.3119,-71.5177,0,0,0,1,0,2340,0.0599,0.9384,-0.6274,758,542,332,624,408,63,0,8.2804,0.3381,0,0,0,1,0,50
2392,-0.1281,1.0193,0.3807,736,227,279,491,535,0,0,27.1810,-71.9487,0,0,0,1,0,2366,0.0599,0.9384,-0.6274,756,541,339,619,408,63,0,8.2804,0.3726,0,0,0,1,0,75
2418,-0.1281,1.0193,0.3807,735,227,273,495,535,0,0,30.3119,-71.5177,0,0,0,1,0,2392,0.0599,0.9384,-0.6274,751,541,331,623,407,63,0,8.2804,0.3381,0,0,0,1,0,100
2444,-0.1281,1.0193,0.3807,736,224,275,494,535,0,0,30.3119,-71.9487,0,0,0,1,0,2418,0.0599,0.9384,-0.6274,759,543,339,626,407,62,0,8.2983,-0.0756,0,0,0,1,0,125
2470,-0.1281,1.0193,0.3807,734,231,275,496,535,0,0,30.1209,-71.5177,0,0,0,1,0,2444,0.0599,0.9384,-0.6274,760,542,339,626,406,62,0,8.2625,-0.0239,0,0,0,1,0,150
2496,-0.1281,1.0193,0.3807,735,231,276,498,535,0,0,30.7008,-71.5177,0,0,0,1,0,2470,0.0599,0.9384,-0.6274,756,543,336,622,406,62,0,8.2625,-0.0928,0,0,0,0,0,175
2522,-0.1281,1.0193,0.3807,730,237,278,511,537,0,0,30.8986,-70.6556,0,0,0,1,0,2496,0.0599,0.9384,-0.6274,757,544,339,628,408,62,0,8.2448,0.3036,0,0,0,1,0,200
2548,-0.1281,1.0193,0.3807,735,240,280,500,537,0,0,26.5644,-70.2418,0,0,0,1,0,2522,0.0599,0.9384,-0.6274,767,540,341,625,409,64,0,8.2448,0.3036,0,0,0,1,0,225
2574,-0.1281,1.0193,0.3807,736,246,281,508,539,0,0,30.3119,-71.9832,0,0,0,1,0,2548,0.0599,0.9384,-0.6274,746,542,343,627,409,63,0,8.2625,-0.1273,0,0,0,1,0,250
2600,-0.1281,1.0193,0.3807,736,252,280,513,541,0,0,31.0988,-71.5522,0,0,0,1,0,2574,0.0599,0.9384,-0.6274,759,540,346,626,417,67,0,8.1570,0.2864,0,0,0,1,0,275
2626,-0.1281,1.0193,0.3807,734,262,282,514,542,0,0,30.8986,-71.1039,0,0,0,1,0,2600,0.0599,0.9384,-0.6274,752,540,350,627,417,69,0,8.1919,0.2864,0,0,0,1,0,300
2652,-0.1281,1.0193,0.3807,733,259,285,520,546,0,0,30.8986,-71.1039,0,0,0,1,0,2626,0.0599,0.9384,-0.6274,752,541,351,624,426,72,0,8.1570,0.3553,0,0,0,1,0,325
2678,-0.1281,1.0193,0.3807,736,261,287,527,553,0,0,30.8986,-69.8280,0,0,0,1,0,2652,0.0599,0.9384,-0.6274,756,539,352,628,427,73,0,8.1744,0.3726,0,0,0,1,0,350
2704,-0.1281,1.0193,0.3807,733,273,288,531,548,0,0,29.3782,-70.2591,0,0,0,1,0,2678,0.0599,0.9384,-0.6274,752,543,356,624,432,73,0,8.2094,0.2864,0,0,0,1,0,375
2730,-0.1281,1.0193,0.3807,734,279,289,524,550,0,0,28.8429,-72.0005,0,0,0,1,0,2704,0.0599,0.9384,-0.6274,751,540,355,619,434,74,0,7.8872,0.2691,0,0,0,1,0,400
2756,-0.0656,1.0193,0.3182,734,287,297,541,553,0,0,27.9894,-71.5522,0,0,0,1,0,2730,0.0599,0.9384,-0.6274,759,541,357,626,435,75,0,8.1744,0.3381,0,0,0,1,0,425
2782,-0.0656,1.0193,0.3182,734,295,292,549,552,0,0,31.0988,-70.2591,0,0,0,1,0,2756,0.0599,0.9384,-0.6274,755,544,354,627,437,77,0,8.2094,0.2519,0,0,0,1,0,450
2808,-0.0656,1.0193,0.3182,735,299,290,552,553,0,0,31.0988,-70.2591,0,0,0,1,0,2782,0.0599,0.9384,-0.6274,755,543,361,624,440,77,0,8.1051,0.2691,0,0,0,1,0,475
2834,-0.0656,1.0193,0.2557,735,296,293,556,559,0,0,30.3119,-72.4143,0,0,0,1,0,2808,0.0599,0.9384,-0.6274,757,545,358,626,440,79,0,8.1570,0.2864,0,0,0,1,0,500
2860,-0.0656,1.0193,0.2557,740,304,292,557,552,0,0,30.1209,-71.9832,0,0,0,1,0,2834,0.0599,0.9384,-0.6274,756,542,359,628,440,77,0,8.1396,0.2864,0,0,0,1,0,525
2886,-0.0656,1.0193,0.2557,735,303,293,559,552,0,0,30.1209,-71.5349,0,0,0,1,0,2860,0.0599,0.9384,-0.6274,756,543,360,627,442,78,0,8.1051,0.2864,0,0,0,1,0,550
2912,-0.0656,1.0193,0.2557,734,303,294,571,556,0,0,30.8986,-71.5349,0,0,0,1,0,2886,0.0599,0.9384,-0.6274,757,544,359,623,440,77,0,8.1570,0.2864,0,0,0,1,0,575
2938,-0.0656,1.0193,0.2557,735,302,299,554,556,0,0,27.1810,-71.1039,0,0,0,1,0,2912,0.0599,0.9384,-0.6274,755,536,359,627,447,75,0,8.1396,0.2691,0,0,0,1,0,600
2964,-0.0656,1.0193,0.2557,734,297,288,554,556,0,0,30.3119,-71.1039,0,0,0,1,0,2938,0.0599,0.9384,-0.6274,756,543,354,627,433,73,0,8.1396,-0.1101,0,0,0,1,0,625
2990,-0.1281,1.0193,0.3182,735,286,294,547,554,0,0,30.3119,-71.1039,0,0,0,1,0,2964,0.0599,0.9384,-0.6274,752,541,349,637,425,70,0,8.0879,0.2864,0,0,0,1,0,650
3016,-0.1281,1.0193,0.3182,733,283,292,541,552,0,0,31.7139,-70.2591,0,0,0,1,0,2990,0.0599,0.9384,-0.6274,767,540,341,621,402,63,0,7.9864,0.3381,0,0,0,1,0,675
3042,-0.1281,1.0193,0.3807,737,260,290,531,550,0,0,30.8986,-71.1212,0,0,0,1,0,3016,0.0599,0.8759,-0.6274,747,537,330,623,387,55,0,8.1744,0.2519,0,0,0,0,0,700
3068,-0.1281,1.0818,0.3807,717,244,284,525,540,0,0,30.8986,-69.8453,0,0,0,1,0,3042,0.0599,0.8759,-0.6899,757,534,313,609,338,45,0,7.9864,-0.1618,0,0,0,0,0,725
3094,-0.1906,1.0818,0.4432,736,209,267,488,524,0,0,29.3782,-71.6039,0,0,0,1,0,3068,0.0599,0.8759,-0.7524,762,530,285,612,286,43,0,8.2983,-0.1618,0,0,0,0,0,750
3120,-0.1906,1.1443,0.5057,728,165,242,464,510,0,0,30.1209,58.2581,0,0,0,1,0,3094,0.0599,0.8134,-0.8774,761,520,240,596,223,30,0,8.3524,-0.2135,0,0,0,0,0,775
3146,-0.2531,1.1443,0.5682,728,142,221,454,495,0,0,30.5052,108.4132,0,0,0,1,0,3120,0.0599,0.7509,-0.9399,763,513,218,595,177,22,0,8.3163,-0.2480,0,0,0,0,0,800
3172,-0.2531,1.1443,0.6307,730,135,209,447,486,0,0,30.3119,109.2408,0,0,0,1,0,3146,0.0599,0.6884,-1.1274,764,509,194,593,145,18,0,8.4257,-0.2825,0,0,0,0,0,825
3198,-0.3156,1.1443,0.6307,730,133,204,441,482,0,0,30.3119,109.2063,0,0,0,1,0,3172,0.0599,0.6259,-1.1899,766,511,186,587,136,16,0,8.5948,-0.3170,0,0,0,0,0,850
3224,-0.3156,1.1443,0.6932,729,136,208,445,489,0,0,31.0988,108.8443,0,0,0,1,0,3198,0.0599,0.5634,-1.2524,765,503,180,586,126,15,0,8.5567,-0.3515,0,0,0,0,0,875
3250,-0.3156,1.1443,0.6932,735,153,213,449,478,0,0,31.0988,109.3787,0,0,0,1,0,3224,0.0599,0.5009,-1.2524,770,511,191,584,140,15,0,8.5948,-0.3515,0,0,0,0,0,900
3276,-0.3156,1.1443,0.6932,729,168,220,448,485,0,0,30.8986,108.8787,0,0,0,1,0,3250,0.0599,0.5009,-1.2524,764,504,205,588,174,15,0,8.6525,-0.3687,0,0,0,0,0,925
3302,-0.3156,1.1443,0.6307,723,173,222,463,486,0,0,27.8242,109.2581,0,0,0,1,0,3276,0.0599,0.5634,-1.1899,764,513,221,589,200,16,0,8.5567,-0.7480,0,0,0,0,0,950
3328,-0.3156,1.1443,0.6307,726,174,223,460,486,0,0,27.4991,109.3787,0,0,0,1,0,3302,0.0599,0.5634,-1.1274,765,517,239,593,227,19,0,8.5567,-0.7653,0,0,0,0,0,975
3354,-0.3156,1.1443,0.6307,729,175,216,464,487,0,0,31.0988,-72.7418,0,0,0,1,0,3328,0.0599,0.6259,-1.0649,781,524,245,596,225,20,0,8.5567,-0.3515,0,0,0,0,0,1000
3380,-0.3156,1.1443,0.6307,728,173,213,469,487,0,0,30.7008,-72.3625,0,0,0,1,0,3354,0.0599,0.6259,-1.0649,767,529,257,597,239,21,0,8.5567,-0.3515,0,0,0,0,0,1025
3406,-0.3156,1.1443,0.6307,724,172,207,472,488,0,0,31.7139,-73.7246,0,0,0,1,0,3380,0.0599,0.6259,-1.0649,765,532,269,584,253,23,0,8.4072,-0.7480,0,0,0,0,0,1050
3432,-0.3156,1.1443,0.6307,735,173,206,478,484,0,0,31.9239,-73.3625,0,0,0,1,0,3406,0.0599,0.6259,-1.0649,768,538,286,619,266,26,0,8.4627,-0.3342,0,0,0,0,0,1075
3458,-0.3156,1.1443,0.6307,714,177,208,491,487,0,0,30.8986,-73.0522,0,0,0,1,0,3432,0.0599,0.6259,-1.0649,764,542,297,596,274,27,0,8.5567,-0.3170,0,0,0,0,0,1100
3484,-0.3156,1.1443,0.6932,724,178,207,481,488,0,0,27.3392,-72.3108,0,0,0,1,0,3458,0.0599,0.6259,-1.0649,765,545,311,612,290,29,0,8.4813,-0.2825,0,0,0,0,0,1125
3510,-0.3156,1.1443,0.6932,722,181,209,476,487,0,0,31.9239,-73.2591,0,0,0,1,0,3484,0.0599,0.6259,-1.0649,766,548,312,621,298,30,0,8.5377,-0.2480,0,0,0,0,0,1150
3536,-0.3156,1.1443,0.6932,721,190,214,489,489,0,0,31.9239,-73.3625,0,0,0,1,0,3510,0.0599,0.6884,-1.1274,766,553,319,624,303,32,0,8.5757,-0.2135,0,0,0,0,0,1175
3562,-0.3156,1.1443,0.6932,723,207,223,494,492,0,0,31.9239,-73.8798,0,0,0,1,0,3536,0.0599,0.7509,-1.1899,765,554,305,628,312,33,0,8.6525,-0.1618,0,0,0,0,0,1200
3588,-0.3156,1.1443,0.7557,723,222,234,497,499,0,0,32.5695,-73.5522,0,0,0,1,0,3562,0.0599,0.7509,-1.2524,764,561,313,636,323,33,0,8.7307,-0.0928,0,0,0,0,0,1225
3614,-0.3156,1.1443,0.7557,727,252,260,508,507,0,0,33.4683,-73.2418,0,0,0,1,0,3588,-0.0025,0.8759,-1.3149,761,550,315,641,345,32,0,8.7504,0.3726,0,0,0,0,0,1250
3640,-0.3156,1.1443,0.8182,722,287,280,514,504,0,0,33.4683,-73.8108,0,0,0,1,0,3614,-0.0025,1.0009,-1.5024,755,591,338,652,388,38,0,8.8705,0.3898,0,0,0,0,0,1275
3666,-0.3156,1.2068,0.8807,727,321,299,516,513,0,0,31.0988,-74.3280,0,0,0,1,0,3640,-0.0025,1.1259,-1.6274,742,580,356,665,444,48,0,8.9113,0.4243,0,0,0,0,0,1300
3692,-0.3156,1.3318,1.0057,733,356,318,538,523,0,0,31.7139,-74.0349,0,0,0,1,0,3666,0.0599,1.2509,-1.7524,719,601,352,674,491,57,0,8.9523,0.4071,0,0,0,1,0,1325
3718,-0.2531,1.3943,1.1307,737,395,349,560,535,0,0,30.1209,-74.6212,0,0,0,1,0,3692,0.1225,1.6259,-2.0024,608,606,295,682,549,78,0,9.7073,0.7864,0,0,0,2,0,1350
3744,-0.2531,1.4568,1.1932,737,416,352,581,540,0,0,28.8429,-74.3280,0,0,0,1,0,3718,0.2475,2.0634,-2.3149,319,527,78,694,578,114,0,9.5657,6.8381,0,0,0,2,0,1375
3770,-0.1906,1.5193,1.2557,739,426,375,600,555,0,0,28.8429,-74.0349,0,0,0,1,0,3744,0.4975,2.6259,-2.5024,126,406,5,695,588,148,0,11.5926,1.4933,0,0,0,2,0,1400
3796,-0.1906,1.5818,1.2557,751,453,394,615,544,0,0,26.8695,-73.2936,0,0,0,1,0,3770,1.3724,4.1884,-2.9399,35,293,0,656,542,155,0,18.3668,2.4760,0,0,0,2,0,1425
3822,-0.1906,1.6443,1.3182,751,471,421,632,566,13,0,25.6863,60.8443,0,0,0,1,0,3796,2.1224,6.0634,-3.3149,17,171,0,601,468,135,0,18.0642,1.4933,0,0,0,3,0,1450
3848,-0.1281,1.6443,1.3807,738,480,441,650,588,25,0,25.6863,60.8443,0,0,0,1,0,3822,3.8099,10.2509,-3.8149,8,38,0,480,367,37,0,18.7584,13.5277,0,0,0,3,0,1475
3874,-0.1281,1.7068,1.4432,728,484,459,648,606,35,0,24.8598,60.8443,0,0,0,1,0,3847,5.6224,13.3759,-3.6274,16,15,0,429,245,5,0,18.5999,97.6829,0,0,0,3,0,1500
3900,-0.0656,1.8318,1.5682,725,486,472,658,621,40,0,27.9894,60.8443,0,0,0,1,0,3872,9.4975,17.3759,-1.9399,32,21,0,408,155,0,0,17.6985,45.8036,0,0,0,3,0,1525
3926,-0.0656,2.0193,1.7557,732,489,498,661,642,47,0,23.7078,108.3615,0,0,0,1,0,3897,13.2475,18.8134,1.3100,57,21,0,383,99,0,0,16.8084,5.0967,0,0,0,3,0,1550
3952,-0.0031,2.1443,1.8807,724,503,512,669,655,48,0,22.8775,-74.1901,0,0,0,1,0,3922,15.1850,18.3134,2.6225,77,17,0,381,82,0,0,16.9400,20.7519,0,0,0,3,0,1575
3978,0.0593,2.2693,2.0682,723,488,530,678,682,41,0,23.2267,-72.9660,0,0,0,1,0,3947,16.7474,17.5009,2.9350,79,16,0,381,67,0,0,19.4176,3.4071,0,0,0,3,0,1600
4004,0.0593,2.2693,2.1932,712,492,548,691,673,32,0,23.9553,-74.3453,0,0,0,1,0,3972,16.9349,15.3134,1.4975,72,13,0,383,57,0,0,19.5030,2.6657,0,0,0,3,0,1625
4030,0.0593,2.2693,2.1932,733,501,568,702,678,25,0,23.4650,-74.8798,0,0,0,1,0,3997,15.8100,13.3134,-0.3774,67,11,0,372,52,0,0,27.3392,2.6139,0,0,0,3,0,1650
4056,0.0593,2.1443,2.1932,708,510,586,708,704,26,0,23.9553,62.4477,0,0,0,1,0,4022,13.1225,9.3759,-3.5649,61,8,0,379,47,0,0,70.7522,2.0622,0,0,0,3,0,1675
4082,-0.0031,2.0193,2.1932,703,514,607,723,714,37,0,22.2070,62.4477,0,0,0,1,0,4047,11.2475,6.2509,-5.5024,53,7,0,364,56,0,0,69.8562,2.0105,0,0,0,3,0,1700
4108,-0.0656,1.9568,2.2557,694,511,612,732,721,53,0,26.7162,62.4477,0,0,0,1,0,4072,8.7475,0.6884,-7.3774,48,7,0,371,65,0,0,151.3434,1.9243,0,0,0,3,0,1725
4134,-0.0656,2.0193,2.2557,658,454,612,745,732,105,0,26.7162,62.4477,0,0,0,1,0,4097,7.3724,-3.1240,-8.0649,45,7,0,371,74,0,0,114.5690,1.8553,0,0,0,3,0,1750
4160,-0.1281,2.2068,2.3182,572,318,634,754,742,188,0,30.1209,2100.7753,0,0,0,1,0,4122,5.8724,-8.1865,-8.1899,43,6,0,369,97,0,0,116.7984,1.8553,0,0,0,3,0,1775
4186,-0.1906,2.4568,2.4432,479,78,639,768,736,291,0,30.1209,108.2753,0,0,0,1,0,4147,5.1224,-10.8115,-7.8149,46,6,0,365,114,0,0,68.1250,1.8726,0,0,0,3,0,1800
4212,-0.3156,3.0193,2.6307,366,23,609,789,757,396,0,35.4087,108.2753,0,0,0,2,0,4172,4.3724,-13.3740,-7.2524,47,6,0,364,129,0,0,68.1250,1.6829,0,0,0,3,0,1825
4238,-0.5656,4.0818,2.9432,308,0,481,783,761,526,0,59.8568,108.2753,0,0,0,2,0,4197,3.9974,-13.9990,-6.9399,147,5,0,366,131,0,0,54.3554,1.4415,0,0,0,3,0,1850
4264,-0.7531,5.3943,3.1932,270,0,396,772,766,576,0,49.2426,108.2753,0,0,0,2,0,4222,3.4349,-13.4365,-6.6274,422,9,0,370,69,0,0,53.2570,1.3553,0,0,0,0,0,1875
4290,-0.9406,8.3318,3.6932,215,0,320,773,762,603,0,163.0538,108.2753,0,0,0,2,0,4247,3.1224,-11.7490,-5.1274,665,11,0,350,49,0,0,43.7886,0.6829,0,0,0,0,0,1900
4316,-1.3156,12.6443,4.4432,117,0,254,767,744,607,0,259.0716,-118.1729,0,0,0,2,0,4272,2.3724,-8.1240,-3.4399,745,8,0,356,14,0,0,30.5052,-0.3342,0,0,0,0,0,1925
4342,-1.8156,16.5818,4.8182,63,0,149,738,676,576,0,249.6450,108.6891,0,0,0,2,0,4297,2.3099,-5.3115,-2.8774,759,23,0,396,11,0,0,30.8986,-0.3170,0,0,0,0,0,1950
4368,-2.3781,21.8943,4.5057,60,0,49,698,607,429,0,1193.9549,108.6891,0,0,0,2,0,4322,3.3724,-0.4990,-2.1899,756,146,0,431,55,0,0,16.6787,-0.8170,0,0,0,0,0,1975
4394,-3.4406,31.7068,2.5057,49,0,0,651,484,161,0,555.0055,108.6891,0,0,0,2,0,4348,3.6224,1.2509,-1.5649,763,403,141,490,200,0,0,16.6146,-1.2825,0,0,0,0,0,2000
4420,-4.7531,42.0193,0.5682,43,0,0,524,332,19,0,1051.6544,108.6891,0,0,0,2,0,4374,3.8724,2.2509,-0.6899,767,497,356,533,396,0,0,10.4765,-0.7480,0,0,0,0,0,2025
4446,-6.1281,48.6443,-0.2442,180,0,0,75,215,0,0,3170.9675,2102.2753,0,0,0,3,0,4400,3.9974,2.2509,-0.6899,774,547,432,556,465,0,0,9.0776,-0.5066,0,0,0,0,0,2050
4472,-9.9406,56.2068,-1.8067,180,0,0,83,213,0,0,291.6853,51.3960,0,0,0,3,0,4426,3.9974,2.1884,-0.7524,776,551,465,576,511,3,0,9.0776,-1.0928,0,0,0,0,0,2075
4498,-12.6906,57.2068,-4.1192,214,0,0,78,211,0,0,1375.9453,-65.5349,0,0,0,3,0,4452,3.9349,2.1884,-0.8149,791,573,483,591,512,9,0,8.6332,-0.8342,0,0,0,0,0,2100
4524,-13.0031,55.2693,-5.6817,237,0,0,57,204,0,0,3170.9675,-65.5349,0,0,0,3,0,4478,3.8099,2.3134,-0.9399,773,586,510,611,568,35,0,8.5948,-1.3860,0,0,0,0,0,2125
4550,-14.1281,52.1443,-7.2442,243,0,0,47,192,0,0,3170.9675,-65.5349,0,0,0,3,0,4504,3.7474,2.5634,-1.0649,775,600,527,623,568,66,0,8.5757,-1.8687,0,0,0,1,0,2150
4576,-14.2531,49.0193,-7.0567,237,0,0,50,200,0,0,3170.9675,-65.5349,0,0,0,3,0,4530,3.7474,2.6884,-1.0649,768,608,541,639,595,100,0,8.7702,-1.9377,0,0,0,1,0,2175
4602,-11.9406,42.8318,-5.1817,220,0,0,54,208,0,0,3170.9675,-65.5349,0,0,0,3,0,4556,3.7474,2.8134,-1.1274,764,620,551,640,608,137,0,8.7901,-1.5928,0,0,0,1,0,2200
4628,-8.6281,35.9568,-1.7442,208,0,0,55,215,0,0,406.8411,15.9822,0,0,0,3,0,4582,3.7474,2.8759,-1.1274,752,624,562,667,619,183,0,8.9317,-1.6618,0,0,0,1,0,2225
4654,-6.6906,31.1443,0.5682,197,0,0,56,220,0,0,3170.9675,239.1374,0,0,0,3,0,4608,3.7474,2.8759,-1.1899,754,633,569,648,629,219,0,8.8909,-2.1618,0,0,0,1,0,2250
4680,-5.1281,25.9568,2.5682,183,0,0,60,220,0,0,3170.9675,-69.4660,0,0,0,3,0,4634,3.7474,2.8759,-1.1899,756,635,591,670,641,249,0,9.0355,-2.2308,0,0,0,1,0,2275
4706,-3.5031,17.2693,4.8807,165,0,0,62,214,0,0,104.4999,-70.5005,0,0,0,3,0,4660,3.7474,2.8134,-1.1899,749,641,572,680,650,273,0,8.7504,-2.2997,0,0,0,1,0,2300
4732,-2.6281,8.0193,6.2557,143,0,0,57,187,0,0,48.3245,57.3098,0,0,0,3,0,4686,3.7474,2.6884,-1.1899,738,649,609,690,669,297,0,8.5757,-1.9722,0,0,0,1,0,2325
4757,-2.3156,1.7068,6.5057,150,0,0,53,160,0,0,61.2198,57.3098,0,0,0,3,0,4712,3.8099,2.5634,-1.2524,727,658,600,698,690,318,0,8.6332,-1.7308,0,0,0,1,0,2350
4782,-1.8156,-7.4806,6.4432,170,0,0,60,198,0,0,75.5671,57.3098,0,0,0,3,0,4738,3.8724,2.5009,-1.2524,699,675,615,716,710,327,0,8.4627,-1.9377,0,0,0,1,0,2375
4807,-1.1906,-13.2931,6.2557,171,0,0,93,253,0,0,348.7821,57.3098,0,0,0,3,0,4764,3.9349,2.3759,-1.1899,633,656,617,722,725,377,0,8.4441,-2.1963,0,0,0,2,0,2400
4833,-1.2531,-20.3556,6.6932,339,0,0,100,220,0,0,64.1230,57.3098,0,0,0,3,0,4790,4.1849,2.3134,-1.1274,424,651,540,740,747,451,0,8.0369,-1.9894,0,0,0,2,0,2425
4859,-3.0656,-22.4181,10.2557,577,0,0,17,148,0,0,88.5819,-118.1729,0,0,0,0,0,4816,4.5599,2.3759,-1.1899,165,576,329,746,767,536,0,8.8503,-1.7825,0,0,0,2,0,2450
4885,-6.4406,-18.0431,8.3182,731,0,0,7,223,0,0,91.3972,108.4994,0,0,0,0,0,4842,4.8724,2.8134,-1.1899,66,506,100,749,752,598,0,8.8705,-2.9377,0,0,0,2,0,2475
4911,-8.2531,-12.5431,4.9432,764,0,0,5,365,0,0,27.9894,108.4994,0,0,0,0,0,4868,5.4974,4.3759,-1.0024,26,407,19,758,770,646,0,15.6462,-2.9204,0,0,0,2,0,2500
4936,-8.5031,-7.1681,3.1307,768,0,0,5,414,0,0,26.7162,108.4994,0,0,0,0,0,4894,6.1849,7.5634,-1.0649,14,284,2,682,748,676,0,47.8771,140.9071,0,0,0,2,0,2525
4961,-8.3781,-1.5431,2.0057,760,14,143,21,532,0,0,68.9806,108.4994,0,0,0,0,0,4920,6.9349,10.9384,-1.3149,6,190,1,639,743,685,0,48.3245,6.2346,0,0,0,2,0,2550
4987,-8.6906,1.0193,2.1932,771,68,271,376,600,0,0,49.2426,2106.2580,0,0,0,1,0,4946,8.7475,18.5009,-1.1274,3,82,0,600,729,684,0,1616.0412,7.1484,0,0,0,2,0,2575
5013,-8.7531,2.0193,1.7557,775,284,357,482,628,0,0,49.7137,102.6891,0,0,0,1,0,4972,11.1850,25.0009,0.4975,2,12,0,578,704,645,0,240.8278,78.8381,0,0,0,2,0,2600
5039,-8.8156,2.0818,1.5682,778,352,380,534,634,0,0,38.1427,102.6891,0,0,0,1,0,4998,17.0599,36.7509,6.4350,4,0,0,434,535,408,0,249.6450,7.9588,0,0,0,2,0,2625
5065,-8.8156,1.8943,1.3807,779,379,408,551,633,0,0,36.4580,102.6891,0,0,0,1,0,5023,21.4349,44.8759,10.9350,3,0,0,360,242,165,0,137.9446,52.1657,0,0,0,3,0,2650
5091,-8.8156,1.8318,1.3182,779,363,416,566,638,0,0,36.4580,102.6891,0,0,0,1,0,5049,28.3724,55.3759,16.9975,14,0,0,312,66,36,0,147.7762,43.5105,0,0,0,3,0,2675
5117,-8.8156,1.8943,1.3807,776,339,423,591,638,0,0,35.4087,102.6891,0,0,0,1,0,5075,31.5599,59.7509,21.3100,24,0,0,266,71,5,0,186.7107,52.4588,0,0,0,3,0,2700
5143,-8.7531,2.0193,1.4432,769,352,436,617,651,0,0,34.1726,-118.1729,0,0,0,1,0,5100,31.5599,60.6884,23.6850,37,0,0,261,61,0,0,210.6316,72.5795,0,0,0,3,0,2725
5169,-8.7531,2.1443,1.5057,765,351,457,624,664,0,0,33.7001,103.5857,0,0,0,1,0,5125,29.4349,59.6884,22.3725,48,0,0,260,47,0,0,210.6316,75.1139,0,0,0,3,0,2750
5195,-8.6906,2.3318,1.6307,758,347,489,650,679,0,0,31.5064,103.5857,0,0,0,1,0,5150,25.9349,58.0009,19.3100,50,0,0,262,45,0,0,181.4931,49.0105,0,0,0,3,0,2775
5221,-8.6281,2.3943,1.8182,751,354,521,667,691,0,0,35.4087,103.5857,0,0,0,1,0,5176,22.4974,54.1259,15.9975,49,0,0,261,41,0,0,134.9292,11.4071,0,0,0,3,0,2800
5247,-8.5656,2.5818,2.0682,743,374,546,683,705,0,0,33.2393,-74.5694,0,0,0,1,0,5201,20.3724,50.3759,13.7475,42,0,0,263,38,0,0,134.9292,63.3381,0,0,0,3,0,2825
5273,-8.5656,2.6443,2.3182,732,386,577,698,715,0,0,32.3517,-74.6556,0,0,0,1,0,5226,18.4974,45.9384,11.4350,37,0,0,260,40,0,0,232.5643,5.1312,0,0,0,3,0,2850
5299,-8.5656,2.6443,2.4432,722,398,602,712,716,0,0,32.3517,60.2581,0,0,0,1,0,5251,15.8100,38.6259,7.7475,34,0,0,259,41,0,0,249.6450,5.5277,0,0,0,3,0,2875
5325,-8.6281,2.7693,2.5682,701,377,627,728,731,0,0,33.2393,60.2581,0,0,0,1,0,5276,12.8100,30.5634,3.8725,29,0,0,253,41,0,0,8.2448,2.6829,0,0,0,3,0,2900
5351,-8.6281,2.8943,2.6307,644,318,644,740,745,26,0,35.9263,60.2581,0,0,0,1,0,5301,10.8725,24.8134,1.3100,17,0,0,251,37,0,0,8.2448,1.3553,0,0,0,3,0,2925
5377,-8.6906,3.1443,2.7557,557,125,663,746,754,150,0,30.3119,107.0512,0,0,0,1,0,5326,7.8099,15.9384,-2.4399,4,0,0,260,34,0,0,106.3814,1.7691,0,0,0,3,0,2950
5403,-8.8781,3.5193,2.8807,389,35,630,762,760,383,0,36.7292,60.1029,0,0,0,2,0,5351,5.8099,9.6884,-4.8149,0,0,0,262,33,0,0,518.0806,2.0105,0,0,0,3,0,2975
5429,-9.1906,3.9568,2.9432,275,0,545,772,767,528,0,36.4580,107.3443,0,0,0,2,0,5376,4.1224,3.1884,-7.0024,0,0,0,292,48,0,0,518.0806,1.7519,0,0,0,3,0,3000
5455,-9.6906,5.3943,3.1307,212,0,424,776,769,601,0,41.2894,-75.7591,0,0,0,2,0,5401,2.5599,-7.0615,-9.5024,0,0,0,346,70,0,0,186.7107,0.8898,0,0,0,3,0,3025
5481,-10.0031,8.0193,3.5682,135,0,325,776,777,640,0,198.0121,63.7408,0,0,0,2,0,5426,2.1849,-16.1865,-11.4399,2,9,0,383,118,0,0,106.3814,1.0105,0,0,0,3,0,3050
5507,-10.1906,10.6443,3.8807,72,0,233,789,760,648,0,198.0121,63.7408,0,0,0,2,0,5451,4.0599,-19.6240,-11.1899,5,0,0,335,126,0,0,100.9142,0.7519,0,0,0,3,0,3075
5533,-10.4406,14.2068,4.1932,56,0,139,752,734,629,0,7307.7290,63.7408,0,0,0,2,0,5476,6.1849,-19.0615,-12.6274,468,19,0,245,23,0,0,132.0324,-0.1273,0,0,0,0,0,3100
5559,-11.1281,22.0193,4.2557,45,0,55,706,615,503,0,7307.7290,63.7408,0,0,0,2,0,5502,6.2474,-12.8740,-8.7524,729,10,0,326,4,0,0,134.9292,-0.4032,0,0,0,0,0,3125
5585,-12.1281,33.7693,2.3807,40,0,0,653,491,206,0,0,2103.7409,0,0,0,2,0,5528,3.8099,-7.9990,-7.1899,766,17,0,422,0,0,0,95.9402,-0.6618,0,0,0,0,0,3150
5611,-13.0031,42.8318,1.0057,33,0,0,492,281,33,0,0,117.6891,0,0,0,2,0,5553,3.1849,-3.2490,-5.7524,773,67,0,471,0,0,0,35.6658,-1.0239,0,0,0,0,0,3175
5636,-15.0031,55.6443,-0.2442,176,0,0,39,221,0,0,7307.7290,117.6891,0,0,0,3,0,5578,3.6849,2.0009,-4.1899,775,392,15,529,0,0,0,35.6658,-1.1101,0,0,0,0,0,3200
5662,-17.0656,62.0193,-2.1192,192,0,0,15,147,0,0,2423.6152,117.6891,0,0,0,3,0,5603,4.0599,4.8759,-3.0024,791,523,270,594,164,0,0,13.9912,-0.8687,0,0,0,0,0,3225
5688,-20.5656,65.0193,-5.5567,255,0,0,17,148,0,0,2423.6152,117.6891,0,0,0,3,0,5629,4.3099,5.8134,-1.9399,779,576,419,627,318,17,0,13.9446,-1.2480,0,0,0,0,0,3250
5714,-22.1906,60.3943,-8.6817,268,0,0,15,151,0,0,1945.7626,117.6891,0,0,0,3,0,5655,4.4349,6.0634,-1.6274,791,588,461,624,412,52,0,10.8454,-1.5584,0,0,0,0,0,3275
5740,-22.5031,57.6443,-10.4942,272,0,0,15,155,0,0,597.0497,-118.1729,0,0,0,3,0,5681,4.4974,6.0634,-1.5024,776,604,488,632,457,99,0,9.7073,-2.1963,0,0,0,0,0,3300
5766,-20.5031,51.3318,-9.9317,253,0,0,17,167,0,0,2423.6152,108.6891,0,0,0,3,0,5707,4.4974,6.1259,-1.5024,769,607,502,624,489,153,0,9.5657,-2.2997,0,0,0,0,0,3325
5792,-15.5656,43.5818,-6.9942,242,0,0,18,179,0,0,2423.6152,109.8960,0,0,0,3,0,5733,4.5599,6.2509,-1.5024,744,612,512,633,527,222,0,9.0988,-1.9549,0,0,0,0,0,3350
5818,-12.1906,38.1443,-4.5567,227,0,0,20,184,0,0,3170.9675,110.1029,0,0,0,3,0,5759,4.5599,6.3134,-1.5024,756,613,525,647,574,303,0,9.4279,-2.0756,0,0,0,1,0,3375
5844,-9.5031,32.5193,-2.1192,214,0,0,20,188,0,0,3170.9675,110.5167,0,0,0,3,0,5785,4.5599,6.3134,-1.5024,752,619,547,650,600,354,0,9.3604,-2.1618,0,0,0,1,0,3400
5870,-6.4406,23.3943,0.9432,185,0,0,20,201,0,0,1616.0412,-69.6901,0,0,0,3,0,5811,4.5599,6.2509,-1.5024,746,619,536,658,625,399,0,9.2717,-2.5584,0,0,0,1,0,3425
5896,-4.1281,13.7068,3.4432,168,0,0,20,181,0,0,485.4162,-67.8625,0,0,0,3,0,5837,4.5599,6.1259,-1.4399,741,622,558,669,645,417,0,9.2279,-2.6791,0,0,0,1,0,3450
5922,-3.0031,7.0818,4.6307,142,0,0,20,168,0,0,1193.9549,-68.8108,0,0,0,3,0,5863,4.5599,5.8759,-1.4399,732,633,562,676,670,463,0,8.7702,-1.9377,0,0,0,1,0,3475
5948,-1.9406,-3.2306,5.8807,141,0,0,22,180,0,0,456.3335,56.0339,0,0,0,3,0,5889,4.5599,5.5634,-1.3774,715,642,588,691,683,480,0,8.3889,-2.4722,0,0,0,1,0,3500
5973,-1.4406,-9.8556,6.3182,171,0,0,27,232,0,0,348.7821,56.0339,0,0,0,3,0,5915,4.5599,5.4384,-1.3774,684,626,594,698,719,509,0,8.3889,-3.1446,0,0,0,2,0,3525
5998,-0.9406,-17.4806,7.5057,181,0,0,54,275,0,0,406.8411,56.0339,0,0,0,3,0,5941,4.6224,5.2509,-1.3774,566,658,580,711,712,551,0,8.2625,-2.9032,0,0,0,2,0,3550
6024,-2.4406,-20.5431,9.5682,198,0,0,51,227,0,0,456.3335,56.0339,0,0,0,3,0,5967,4.7474,5.0634,-1.3774,354,608,490,724,744,615,0,8.3343,-3.1791,0,0,0,2,0,3575
6050,-5.5656,-20.1056,11.9432,543,0,0,7,143,0,0,766.7050,56.0339,0,0,0,0,0,5993,5.1224,5.1884,-1.3149,70,525,196,736,744,640,0,8.3524,-3.0411,0,0,0,2,0,3600
6076,-6.9406,-15.4181,7.7557,692,0,0,7,218,0,0,23.2267,-118.1729,0,0,0,0,0,6019,5.4974,5.8134,-1.1899,24,416,37,735,764,683,0,10.8748,-2.6101,0,0,0,2,0,3625
6102,-5.9406,-12.5431,6.2557,756,0,0,4,373,0,0,1616.0412,104.0167,0,0,0,0,0,6045,6.1224,7.7509,-0.8774,7,299,0,704,765,699,0,10.8162,7.1829,0,0,0,2,0,3650
6128,-5.7531,-4.8556,3.5057,774,0,0,1,420,0,0,129.2473,104.0167,0,0,0,0,0,6070,6.4974,10.0634,-0.8149,4,241,0,677,744,706,0,24.3355,5.7002,0,0,0,2,0,3675
6153,-6.1906,-1.3556,2.4432,776,0,1,0,458,0,0,192.2095,104.0167,0,0,0,0,0,6096,7.4349,15.6259,-1.1899,4,185,0,620,729,687,0,1193.9549,-1.5411,0,0,0,2,0,3700
6178,-6.1906,3.3318,2.2557,779,36,226,167,588,0,0,176.5364,104.0167,0,0,0,1,0,6122,9.4975,24.1259,-1.0649,3,111,0,628,703,694,0,937.5955,46.8726,0,0,0,2,0,3725
6204,-6.5031,4.7693,2.1932,798,245,334,471,616,0,0,106.3814,2106.3615,0,0,0,1,0,6148,12.2475,31.6259,0.6225,3,20,0,588,662,654,0,147.7762,214.0450,0,0,0,2,0,3750
6230,-6.5656,5.0818,1.6307,781,360,387,546,639,0,0,33.2393,102.9305,0,0,0,1,0,6174,18.0599,44.3134,6.3100,4,0,0,423,447,483,0,147.7762,84.8898,0,0,0,3,0,3775
6256,-6.5656,4.8943,1.4432,777,377,402,560,629,0,0,37.2829,102.9305,0,0,0,1,0,6200,24.8099,56.6884,12.6850,1,0,0,357,67,211,0,126.5680,60.2174,0,0,0,3,0,3800
6282,-6.5656,4.8943,1.4432,771,384,415,566,634,0,0,36.1904,102.9305,0,0,0,1,0,6226,28.5599,62.5634,16.7475,53,0,0,309,9,45,0,108.3259,59.9588,0,0,0,3,0,3825
6308,-6.5656,4.8943,1.5057,765,397,431,585,643,0,0,38.7363,102.9305,0,0,0,1,0,6251,30.6224,65.3759,20.8100,44,0,0,255,14,7,0,106.3814,44.3036,0,0,0,3,0,3850
6334,-6.5656,4.8943,1.5682,754,428,464,617,660,0,0,38.4374,102.9305,0,0,0,1,0,6276,30.9974,63.0634,22.7475,62,0,0,240,17,0,0,147.7762,56.4933,0,0,0,3,0,3875
6360,-6.5031,4.8318,1.6307,745,459,491,642,670,0,0,36.4580,-118.1729,0,0,0,1,0,6301,29.2474,60.9384,21.9350,64,0,0,241,21,0,0,94.3807,46.7346,0,0,0,3,0,3900
6386,-6.4406,4.8318,1.6932,739,470,520,666,684,7,0,33.2393,152.6029,0,0,0,1,0,6326,25.7474,57.4384,18.8100,57,0,0,258,33,0,0,91.3972,56.8726,0,0,0,3,0,3925
6412,-6.4406,4.7693,1.6932,712,486,543,687,692,49,0,33.2393,-72.9315,0,0,0,1,0,6351,21.8099,52.0634,14.6850,48,0,0,274,38,0,0,94.3807,47.3726,0,0,0,3,0,3950
6438,-6.4406,4.7068,1.7557,689,507,569,707,698,164,0,31.7139,-72.6729,0,0,0,1,0,6376,19.3724,47.5009,11.9975,39,0,0,271,39,0,0,87.2330,3.0795,0,0,0,3,0,3975
6464,-6.5031,4.7068,1.7557,672,508,577,723,718,267,0,41.9764,-74.1384,0,0,0,1,0,6401,17.2474,42.3759,9.2475,32,0,0,279,47,0,0,108.3259,3.2519,0,0,0,3,0,4000
6490,-6.6906,4.6443,1.7557,627,474,596,738,726,406,0,37.0042,-74.7591,0,0,0,1,0,6426,14.4350,34.0634,5.1225,24,0,0,284,54,0,0,8.9113,1.8381,0,0,0,3,0,4025
6516,-6.8156,4.7693,1.7557,550,355,581,753,735,524,0,42.3277,-75.0177,0,0,0,1,0,6451,12.6850,28.0634,2.3725,14,0,0,285,59,0,0,8.9317,1.5795,0,0,0,3,0,4050
6542,-7.1281,5.0193,1.8182,348,60,496,768,747,590,0,42.3277,61.3960,0,0,0,2,0,6476,9.9975,18.7509,-1.5024,3,0,0,286,63,0,0,100.9142,1.7346,0,0,0,3,0,4075
6568,-7.6906,5.9568,1.7557,268,14,361,777,749,634,0,60.5313,61.3960,0,0,0,2,0,6501,8.1850,12.1884,-3.8149,0,0,0,283,51,0,0,99.2047,1.1829,0,0,0,3,0,4100
6594,-8.1906,7.2068,1.6932,203,5,261,780,750,662,0,110.3364,61.3960,0,0,0,2,0,6526,5.4349,1.5634,-6.6274,0,0,0,294,66,0,0,114.5690,1.4760,0,0,0,3,0,4125
6620,-8.5656,10.0818,1.7557,145,0,164,776,735,673,0,112.4162,61.3960,0,0,0,2,0,6551,3.5599,-6.1865,-8.1274,0,0,0,363,84,0,0,123.9886,2.0967,0,0,0,3,0,4150
6646,-8.7531,12.8318,1.7557,77,0,61,791,648,676,0,112.4162,61.3960,0,0,0,2,0,6576,0.8100,-17.4990,-8.3149,3,21,0,408,144,0,0,123.9886,1.3553,0,0,0,3,0,4175
6672,-9.6906,18.5818,1.1932,55,0,17,745,595,650,0,147.7762,-118.1729,0,0,0,2,0,6601,0.5600,-22.6240,-7.7524,0,3,0,367,137,0,0,108.3259,0.5105,0,0,0,3,0,4200
6698,-12.1281,27.5818,-1.3692,44,0,0,704,542,511,0,151.3434,107.3787,0,0,0,2,0,6626,1.5599,-24.8740,-12.3149,551,17,0,285,25,0,0,116.7984,0.2002,0,0,0,0,0,4225
6724,-14.5031,36.2068,-4.9942,38,0,0,637,447,174,0,485.4162,107.3787,0,0,0,2,0,6652,2.3099,-21.5615,-10.6274,742,3,0,421,4,0,0,83.4034,-0.9722,0,0,0,0,0,4250
6750,-17.2531,45.9568,-7.9317,34,0,0,347,344,7,0,2423.6152,107.3787,0,0,0,3,0,6677,3.3099,-16.6240,-8.1274,784,24,0,507,0,0,0,64.1230,-2.0584,0,0,0,0,0,4275
6776,-24.5656,61.8943,-11.4317,283,0,0,148,265,0,0,701.2321,107.3787,0,0,0,3,0,6702,3.9349,-9.9990,-6.5024,787,164,0,545,0,0,0,64.8885,-4.5066,0,0,0,0,0,4300
6802,-26.8781,65.7068,-14.4942,220,0,0,149,221,0,0,555.0055,2102.4821,0,0,0,3,0,6727,4.3099,-4.6240,-5.4399,779,464,6,609,0,0,0,25.1299,-1.6446,0,0,0,0,0,4325
6828,-27.6281,64.9568,-15.9942,251,0,0,132,217,0,0,485.4162,106.2063,0,0,0,3,0,6752,5.0599,1.0009,-4.9399,782,545,118,649,146,0,0,15.4201,-2.2308,0,0,0,0,0,4350
6854,-25.9406,62.0818,-15.3067,259,0,0,111,216,0,0,766.7050,106.2063,0,0,0,3,0,6778,5.4349,3.0634,-3.8774,768,572,254,671,321,0,0,15.4761,-2.2480,0,0,0,0,0,4375
6880,-22.3781,58.2693,-12.4942,252,0,0,90,214,0,0,645.3140,1084.0856,0,0,0,3,0,6804,5.5599,3.3134,-3.4399,778,589,325,661,439,0,0,12.1092,-2.6273,0,0,0,0,0,4400
6906,-19.2531,54.3943,-10.1817,241,0,0,85,212,0,0,485.4162,99.6891,0,0,0,3,0,6830,5.6849,3.4384,-3.1899,758,601,376,678,509,14,0,12.0734,-2.7997,0,0,0,0,0,4425
6932,-14.1281,47.1443,-6.6817,231,0,0,81,219,0,0,844.3047,100.2753,0,0,0,3,0,6856,5.6849,3.6884,-3.1899,756,610,381,661,541,27,0,11.1766,-2.3515,0,0,0,0,0,4450
6958,-11.3156,41.8943,-4.4317,225,0,0,68,203,0,0,1051.6544,-71.5694,0,0,0,3,0,6882,5.6224,3.8759,-3.2524,748,623,407,688,576,52,0,11.6927,-2.4722,0,0,0,1,0,4475
6984,-8.3156,33.6443,-1.7442,223,0,0,65,198,0,0,597.0497,-72.2418,0,0,0,3,0,6908,5.6224,4.1884,-3.3149,734,632,426,693,609,83,0,11.7603,-2.8860,0,0,0,1,0,4500
7010,-6.1906,24.5193,0.3807,200,0,0,66,201,0,0,204.1435,-72.5177,0,0,0,3,0,6934,5.6224,4.2509,-3.1899,721,647,483,698,639,123,0,11.5268,-2.9722,0,0,0,1,0,4525
7036,-5.1281,18.3318,1.6932,184,0,0,59,201,0,0,116.7984,-71.9832,0,0,0,3,0,6960,5.6224,4.3134,-3.0649,717,656,497,707,653,170,0,11.3334,-3.0066,0,0,0,1,0,4550
7062,-4.0656,8.8943,3.4432,151,0,0,56,190,0,0,348.7821,-71.2936,0,0,0,3,0,6986,5.6224,4.1884,-2.9399,702,671,513,710,664,213,0,11.3972,-2.5928,0,0,0,1,0,4575
7087,-3.5656,2.4568,4.5682,134,0,0,66,183,0,0,47.8771,-72.1212,0,0,0,3,0,7012,5.6224,4.0009,-2.8149,686,664,528,720,695,269,0,10.8748,-2.6791,0,0,0,1,0,4600
7112,-2.7531,-7.5431,6.5057,138,0,0,83,228,0,0,232.5643,-70.9660,0,0,0,3,0,7038,5.7474,3.7509,-2.6274,643,671,543,727,698,340,0,10.7871,-3.2825,0,0,0,2,0,4625
7138,-2.0031,-13.6056,7.5057,173,0,0,98,280,0,0,348.7821,58.9305,0,0,0,3,0,7064,5.8724,3.6259,-2.5649,597,660,546,730,733,421,0,10.5041,-3.0239,0,0,0,2,0,4650
7164,-2.0031,-20.4181,9.3182,170,0,0,134,268,0,0,366.3604,58.9305,0,0,0,3,0,7090,6.1224,3.6259,-2.4399,477,659,485,740,729,512,0,9.9021,-3.2825,0,0,0,2,0,4675
7190,-4.0031,-21.9181,13.1932,464,0,0,23,163,0,0,151.3434,58.9305,0,0,0,3,0,7116,6.3099,3.6884,-2.3774,258,617,306,755,746,587,0,9.9519,-3.8687,0,0,0,2,0,4700
7216,-4.8156,-19.9181,12.3807,676,0,0,7,204,0,0,20.1205,58.9305,0,0,0,0,0,7142,6.8099,4.0634,-2.3149,19,498,46,749,736,648,0,10.2081,-3.8342,0,0,0,2,0,4725
7241,-4.9406,-15.7306,8.6307,757,0,0,6,410,0,0,19.6759,58.9305,0,0,0,0,0,7168,7.3724,5.1884,-2.0649,7,392,9,743,759,666,0,13.1529,-3.7997,0,0,0,2,0,4750
7266,-5.2531,-11.2306,6.2557,780,0,0,4,444,0,0,28.6684,-118.1729,0,0,0,0,0,7194,7.7474,6.6884,-1.9399,7,286,0,713,754,681,0,13.0289,-4.5066,0,0,0,2,0,4775
7292,-6.1906,-4.3556,4.1307,783,0,6,4,468,0,0,28.4959,105.5684,0,0,0,0,0,7220,8.3725,10.5009,-2.1274,4,209,0,673,741,698,0,28.4959,-4.7997,0,0,0,2,0,4800
7317,-6.1281,-1.1056,3.8807,781,0,196,0,556,0,0,89.9694,105.5684,0,0,0,0,0,7246,8.9975,14.3759,-2.3149,4,92,0,626,702,693,0,29.3782,-3.7825,0,0,0,2,0,4825
7343,-6.5031,2.2068,2.6932,788,21,262,344,602,0,0,55.4961,105.5684,0,0,0,1,0,7272,10.8725,22.5009,-2.0024,4,17,0,605,677,687,0,52.7228,-5.5584,0,0,0,2,0,4850
7369,-6.7531,2.7068,2.2557,781,48,284,490,611,0,0,38.1427,105.5684,0,0,0,1,0,7298,15.0600,34.0009,1.4975,3,0,0,552,627,621,0,106.3814,110.8208,0,0,0,2,0,4875
7395,-6.8781,2.8943,1.8807,780,64,313,547,615,0,0,36.1904,2105.2409,0,0,0,1,0,7324,18.9974,42.8134,5.3725,4,0,0,436,460,468,0,108.3259,22.5105,0,0,0,3,0,4900
7421,-6.8781,2.8943,1.8182,772,65,383,582,632,0,0,36.1904,-71.5522,0,0,0,1,0,7350,25.5599,55.6259,11.1850,0,0,0,336,73,116,0,518.0806,66.6657,0,0,0,3,0,4925
7447,-6.7531,3.1443,1.8807,763,63,430,619,664,3,0,35.9263,-74.2418,0,0,0,1,0,7376,29.6849,62.5009,16.3725,0,0,0,311,59,18,0,106.3814,52.9760,0,0,0,3,0,4950
7473,-6.6281,3.4568,2.1307,754,58,485,643,679,6,0,37.8521,-74.3970,0,0,0,1,0,7401,29.8724,63.4384,18.0600,7,0,0,282,59,1,0,108.3259,13.5622,0,0,0,3,0,4975
7499,-6.5656,3.6443,2.2557,756,57,530,663,695,12,0,33.7001,-73.1901,0,0,0,1,0,7426,28.4349,62.5634,18.1225,20,0,0,265,46,0,0,240.8278,17.4243,0,0,0,3,0,5000
7525,-6.5656,3.7693,2.3807,735,58,575,688,706,30,0,33.9348,-73.2246,0,0,0,1,0,7451,26.6224,60.5634,17.1850,26,0,0,260,47,0,0,240.8278,22.8036,0,0,0,3,0,5025
7551,-6.5656,3.8318,2.4432,704,59,599,727,718,68,0,35.9263,-73.7074,0,0,0,1,0,7476,25.3724,58.4384,16.0600,24,0,0,258,51,0,0,291.6853,27.2864,0,0,0,3,0,5050
7577,-6.5656,3.8318,2.5057,692,59,619,712,728,138,0,31.3014,-74.1901,0,0,0,1,0,7501,23.5599,55.2509,14.4975,20,0,0,257,48,0,0,348.7821,31.7346,0,0,0,3,0,5075
7603,-6.5656,3.8318,2.5682,671,55,600,726,736,233,0,29.9320,-73.8798,0,0,0,1,0,7526,19.9974,49.0009,11.3100,6,0,0,261,54,0,0,186.7107,2.0967,0,0,0,3,0,5100
7629,-6.6281,3.8318,2.6307,614,38,616,739,741,314,0,32.1365,61.4132,0,0,0,1,0,7551,15.9975,41.5634,7.3100,3,0,0,270,56,0,0,75.5671,1.4933,0,0,0,3,0,5125
7655,-6.7531,3.8943,2.6307,539,17,615,749,751,412,0,32.1365,109.5857,0,0,0,1,0,7576,13.3100,36.1259,4.5600,1,0,0,274,62,0,0,75.5671,2.0967,0,0,0,3,0,5150
7681,-6.8781,3.9568,2.6932,357,0,603,758,763,508,0,37.5655,109.5857,0,0,0,2,0,7601,9.7475,27.6259,0.7475,0,0,0,276,76,0,0,8.4441,1.7174,0,0,0,3,0,5175
7707,-7.1906,4.3943,2.7557,269,0,574,765,763,574,0,47.0047,552.0339,0,0,0,2,0,7626,7.9349,21.6884,-1.5649,0,0,0,284,89,0,0,158.9710,1.8726,0,0,0,3,0,5200
7733,-7.6281,5.3318,2.8182,200,0,462,768,767,617,0,39.3470,60.9132,0,0,0,2,0,7651,6.4349,15.6884,-3.6274,0,0,0,287,92,0,0,163.0538,1.5277,0,0,0,3,0,5225
7759,-7.8781,6.4568,2.9432,141,0,377,768,769,651,0,68.1250,60.9132,0,0,0,2,0,7676,4.9974,6.6259,-6.5649,0,0,0,262,98,0,0,114.5690,1.4243,0,0,0,3,0,5250
7785,-8.0031,9.2068,3.1307,78,0,288,774,765,665,0,69.8562,60.9132,0,0,0,2,0,7701,4.1224,-2.9990,-9.5024,0,0,0,286,118,0,0,110.3364,0.9071,0,0,0,3,0,5275
7811,-8.0656,11.9568,3.3807,58,0,189,771,746,672,0,106.3814,60.9132,0,0,0,2,0,7726,3.4974,-9.6240,-10.9399,0,0,0,358,137,0,0,89.9694,1.1139,0,0,0,3,0,5300
7837,-8.5656,18.0193,3.8182,45,0,71,757,708,658,0,171.8219,60.9132,0,0,0,2,0,7751,2.6224,-15.3740,-11.8149,0,0,0,384,162,0,0,210.6316,1.4760,0,0,0,3,0,5325
7863,-9.3156,27.8318,3.0682,36,0,9,720,591,491,0,366.3604,-118.1729,0,0,0,2,0,7776,3.1849,-20.9990,-12.6899,216,10,0,324,35,0,0,217.5074,-0.0066,0,0,0,3,0,5350
7889,-10.1281,36.4568,1.5682,37,0,0,657,456,153,0,555.0055,105.1374,0,0,0,2,0,7802,3.3099,-18.9365,-13.6274,703,17,0,324,5,0,0,1193.9549,-0.0239,0,0,0,0,0,5375
7915,-11.0656,45.5193,0.1307,28,0,0,482,300,26,0,844.3047,105.1374,0,0,0,3,0,7828,3.1849,-15.5615,-10.8149,766,17,0,470,0,0,0,1193.9549,-1.5066,0,0,0,0,0,5400
7941,-13.1906,57.9568,-1.3067,256,0,0,62,264,0,0,62.6406,105.1374,0,0,0,3,0,7854,3.4349,-10.1865,-8.9399,780,166,0,525,0,0,0,52.1985,-1.5584,0,0,0,0,0,5425
7967,-17.3781,65.4568,-3.7442,148,0,0,63,211,0,0,99.2047,105.1374,0,0,0,3,0,7880,4.3724,-2.4990,-7.1899,780,492,12,597,0,0,0,25.1299,-1.1963,0,0,0,0,0,5450
7993,-19.5656,65.2693,-6.1817,224,0,0,37,192,0,0,89.9694,2104.8789,0,0,0,3,0,7906,4.8099,1.3134,-6.0649,776,571,187,647,222,0,0,24.9942,-1.0928,0,0,0,0,0,5475
8019,-21.6906,61.9568,-9.4942,249,0,0,24,181,0,0,95.9402,104.5857,0,0,0,3,0,7932,5.1224,3.0009,-4.5024,770,602,305,674,409,0,0,14.2765,-1.5584,0,0,0,0,0,5500
8045,-22.1281,57.8943,-11.3067,240,0,0,22,172,0,0,95.9402,104.5857,0,0,0,3,0,7958,5.3099,3.4384,-4.0024,773,624,378,675,523,0,0,13.7161,-2.3170,0,0,0,0,0,5525
8071,-20.9406,53.8318,-10.8692,239,0,0,23,178,0,0,385.6309,104.5857,0,0,0,3,0,7984,5.3724,3.5634,-3.8774,768,638,389,684,565,0,0,11.9674,-3.2480,0,0,0,1,0,5550
8097,-16.1906,46.9568,-8.4317,213,0,0,26,192,0,0,518.0806,104.5857,0,0,0,3,0,8010,5.3724,3.6259,-3.9399,755,653,379,691,599,2,0,11.3017,-2.1101,0,0,0,1,0,5575
8123,-12.2531,42.0818,-5.9942,199,0,0,26,204,0,0,291.6853,2032.1030,0,0,0,3,0,8036,5.3099,4.0009,-4.1899,738,659,369,709,618,11,0,11.7943,-2.1963,0,0,0,1,0,5600
8149,-7.3781,34.1443,-2.4317,181,0,0,26,207,0,0,304.2784,102.7925,0,0,0,3,0,8062,5.3099,4.3134,-4.3774,717,673,403,720,659,31,0,12.7085,-2.6273,0,0,0,1,0,5625
8175,-4.2531,25.3318,-0.1817,172,0,0,26,197,0,0,171.8219,108.9305,0,0,0,3,0,8088,5.3099,4.5009,-4.3774,700,681,428,730,680,58,0,13.8067,-2.2308,0,0,0,1,0,5650
8201,-3.0031,19.2693,0.6307,150,0,0,25,195,0,0,485.4162,108.9305,0,0,0,3,0,8114,5.3724,4.6259,-4.2524,686,695,439,732,689,84,0,13.7613,-1.8687,0,0,0,1,0,5675
8227,-2.1906,9.7693,1.4432,125,0,0,26,179,0,0,485.4162,108.9305,0,0,0,3,0,8140,5.4349,4.6259,-4.1899,665,688,450,740,699,108,0,12.3278,-1.9204,0,0,0,2,0,5700
8252,-2.3156,3.3318,2.0057,109,0,0,31,165,0,0,555.0055,108.9305,0,0,0,3,0,8166,5.4974,4.6259,-4.1274,615,693,457,745,710,170,0,12.3278,-2.4549,0,0,0,2,0,5725
8277,-3.0031,-6.1056,4.1307,118,0,0,40,205,0,0,701.2321,108.9305,0,0,0,3,0,8192,5.6224,4.6884,-4.0649,561,688,445,746,723,220,0,11.6927,-2.9722,0,0,0,2,0,5750
8303,-3.0656,-11.4806,6.2557,133,0,0,63,267,0,0,385.6309,-118.1729,0,0,0,3,0,8218,5.6849,4.7509,-4.0024,471,696,382,750,724,300,0,11.4941,-2.2997,0,0,0,2,0,5775
8329,-3.8781,-17.9806,10.0682,268,0,0,55,226,0,0,134.9292,105.1029,0,0,0,3,0,8244,5.8099,4.8759,-3.9399,304,688,224,767,736,387,0,11.4617,-2.7653,0,0,0,2,0,5800
8355,-6.6906,-19.3556,13.4432,507,0,0,7,155,0,0,485.4162,105.1029,0,0,0,0,0,8270,6.0599,5.2509,-3.8774,35,650,30,755,736,536,0,13.4508,-1.7653,0,0,0,2,0,5825
8381,-7.3781,-15.8556,9.9432,728,0,0,4,219,0,0,232.5643,105.1029,0,0,0,0,0,8296,6.4349,5.9384,-3.8774,7,584,4,763,741,603,0,16.4876,-1.9722,0,0,0,2,0,5850
8407,-6.0656,-12.8556,7.1307,764,0,0,2,392,0,0,123.9886,105.1029,0,0,0,0,0,8322,6.6849,6.8759,-3.8774,3,505,0,752,749,639,0,16.3004,-3.0584,0,0,0,2,0,5875
8433,-3.8156,-6.4181,4.5682,783,0,0,0,428,0,0,41.2894,2105.6030,0,0,0,0,0,8348,7.0599,9.3134,-4.1899,4,386,0,762,742,667,0,24.3355,-2.8342,0,0,0,2,0,5900
8458,-4.5031,-0.4181,3.6307,777,18,216,0,576,0,0,87.2330,103.8787,0,0,0,1,0,8374,7.6224,13.7509,-5.0024,3,250,0,737,723,685,0,24.9942,-3.0411,0,0,0,2,0,5925
8484,-4.6281,2.7693,3.1932,778,170,351,421,633,0,0,39.3470,103.8787,0,0,0,1,0,8400,8.2475,18.1259,-5.6899,3,183,0,692,696,688,0,61.9227,-1.1101,0,0,0,2,0,5950
8510,-4.8156,3.8943,2.6307,773,358,431,539,650,0,0,41.2894,103.8787,0,0,0,1,0,8426,9.9350,27.3134,-6.0649,3,101,0,659,666,691,0,291.6853,0.0967,0,0,0,2,0,5975
8536,-4.8781,3.8318,2.3807,717,409,457,568,657,0,0,38.7363,103.8787,0,0,0,1,0,8452,11.9350,35.1884,-4.6274,3,16,0,615,625,624,0,280.0144,50.3208,0,0,0,2,0,6000
8562,-4.9406,3.7068,2.2557,719,425,485,589,671,0,0,38.7363,103.8787,0,0,0,1,0,8478,16.3724,48.4384,-0.0024,0,0,0,459,404,447,0,332.6884,53.8898,0,0,0,3,0,6025
8588,-4.9406,3.6443,2.3182,751,442,510,610,660,0,0,39.6590,-115.6729,0,0,0,1,0,8504,21.6849,60.0009,5.6225,0,0,0,398,58,156,0,3170.9675,58.5622,0,0,0,3,0,6050
8614,-4.9406,3.7068,2.3807,725,458,529,639,685,3,0,39.9756,102.6201,0,0,0,1,0,8530,25.0599,64.4384,8.8100,17,0,0,317,1,24,0,3170.9675,63.0967,0,0,0,3,0,6075
8640,-4.9406,3.7693,2.4432,705,471,547,671,690,33,0,42.3277,102.6201,0,0,0,1,0,8555,28.3724,65.6259,12.5600,11,0,0,269,0,2,0,701.2321,61.0967,0,0,0,3,0,6100
8666,-4.9406,3.7693,2.4432,692,486,563,671,699,85,0,34.1726,102.6201,0,0,0,1,0,8580,31.1849,62.4384,16.4350,31,0,0,247,0,0,0,3170.9675,57.0105,0,0,0,3,0,6125
8692,-4.9406,3.7693,2.4432,672,502,576,687,704,156,0,40.2968,75.2408,0,0,0,1,0,8605,31.1849,59.7509,17.6850,41,0,0,240,0,0,0,3170.9675,11.5450,0,0,0,3,0,6150
8718,-4.9406,3.7068,2.3807,641,517,588,705,710,259,0,47.0047,-72.7074,0,0,0,1,0,8631,29.2474,55.3759,16.3100,33,0,0,255,9,0,0,114.5690,78.8381,0,0,0,3,0,6175
8744,-5.0031,3.7068,2.3807,663,521,607,719,717,348,0,46.5793,-74.5522,0,0,0,1,0,8656,25.1849,50.1259,12.4350,30,0,0,268,15,0,0,106.3814,13.8208,0,0,0,3,0,6200
8770,-5.1281,3.7068,2.3807,639,504,613,731,720,438,0,47.0047,-73.8625,0,0,0,1,0,8681,22.4349,45.7509,9.8100,25,0,0,273,16,0,0,3170.9675,51.0622,0,0,0,3,0,6225
8796,-5.1906,3.7693,2.3807,568,457,614,758,726,511,0,48.7796,-74.9315,0,0,0,1,0,8706,20.6224,40.8134,7.4975,20,0,0,263,16,0,0,23.5859,12.5105,0,0,0,3,0,6250
8822,-5.3781,3.9568,2.3182,457,252,587,753,737,556,0,40.9536,-73.9143,0,0,0,2,0,8731,19.0599,32.3759,4.3100,13,0,0,262,17,0,0,23.7078,3.8381,0,0,0,3,0,6275
8848,-5.5656,4.2693,2.3182,334,71,540,752,743,606,0,38.7363,-75.0177,0,0,0,2,0,8756,17.1849,23.3759,0.8100,4,0,0,273,19,0,0,10.2607,3.9588,0,0,0,3,0,6300
8874,-5.7531,4.6443,2.3182,246,20,404,767,751,639,0,45.3445,-74.8453,0,0,0,2,0,8781,15.4350,17.3134,-1.8774,0,0,0,303,16,0,0,10.2343,1.8208,0,0,0,3,0,6325
8900,-6.0656,5.5818,2.3182,197,4,314,771,750,633,0,50.6811,62.0339,0,0,0,2,0,8806,13.6850,11.4384,-4.8774,0,0,0,296,5,0,0,134.9292,1.8208,0,0,0,3,0,6350
8926,-6.2531,6.5818,2.3182,142,0,196,771,740,664,0,144.3600,62.0339,0,0,0,2,0,8831,11.4975,2.1259,-9.0024,0,0,0,301,5,0,0,485.4162,2.0450,0,0,0,3,0,6375
8952,-6.5031,8.7693,2.3182,109,0,123,770,727,661,0,104.4999,62.0339,0,0,0,2,0,8856,9.5600,-4.7490,-10.5649,0,0,0,322,17,0,0,485.4162,1.7174,0,0,0,3,0,6400
8978,-6.8781,12.0193,2.1932,68,0,64,763,650,659,0,104.4999,62.0339,0,0,0,2,0,8881,6.4974,-14.3115,-10.8149,0,13,0,394,25,0,0,1945.7626,2.1829,0,0,0,3,0,6425
9004,-7.3781,14.9568,1.8182,53,0,30,718,604,627,0,89.9694,2102.9995,0,0,0,2,0,8907,3.6224,-20.4365,-11.5649,0,4,0,384,75,0,0,3170.9675,1.9588,0,0,0,3,0,6450
9030,-9.0031,21.0193,0.3182,44,0,0,680,553,445,0,91.3972,106.0167,0,0,0,2,0,8932,2.7474,-21.4990,-14.6274,189,13,0,334,5,0,0,518.0806,1.4760,0,0,0,3,0,6475
9056,-11.9406,30.5193,-2.8067,39,0,0,608,476,134,0,110.3364,106.0167,0,0,0,2,0,8958,2.3099,-19.0615,-14.7524,698,28,0,357,10,0,0,406.8411,0.3381,0,0,0,0,0,6500
9082,-14.3781,37.8943,-4.6817,35,0,0,429,384,16,0,97.5474,106.0167,0,0,0,3,0,8984,1.5599,-14.9365,-12.0024,763,26,0,471,0,0,0,406.8411,0.6657,0,0,0,0,0,6525
9108,-17.3781,44.8318,-5.0567,180,0,0,67,270,0,0,217.5074,106.0167,0,0,0,3,0,9010,1.3099,-9.1865,-10.3774,780,111,0,509,0,0,0,68.1250,-0.5239,0,0,0,0,0,6550
9134,-22.6281,51.0818,-7.3067,163,0,0,82,231,0,0,456.3335,106.0167,0,0,0,3,0,9036,2.1224,-4.4990,-9.0024,787,423,0,572,0,0,0,33.7001,-0.6618,0,0,0,0,0,6575
9160,-25.7531,50.9568,-10.3692,209,0,0,90,225,0,0,121.5038,-118.1729,0,0,0,3,0,9061,3.4974,1.2509,-7.2524,777,551,85,668,0,0,0,33.7001,-1.0756,0,0,0,0,0,6600
9186,-25.8781,50.0193,-10.9942,208,0,0,108,229,0,0,114.5690,105.8960,0,0,0,3,0,9087,3.9349,2.9384,-5.5024,797,601,260,685,298,8,0,21.0672,-0.9894,0,0,0,0,0,6625
9212,-24.4406,47.5818,-9.6192,211,0,0,106,236,0,0,102.6784,105.8960,0,0,0,3,0,9113,4.3099,3.9384,-4.1899,774,628,363,703,469,32,0,20.9689,-1.6273,0,0,0,0,0,6650
9238,-21.1906,43.8943,-7.2442,208,0,0,99,237,0,0,144.3600,105.8960,0,0,0,3,0,9139,4.4974,4.0009,-3.8774,768,646,415,704,546,55,0,17.4855,-1.7308,0,0,0,0,0,6675
9264,-18.6281,40.5818,-5.5567,200,0,0,96,244,0,0,844.3047,105.8960,0,0,0,3,0,9165,4.6849,4.0634,-3.7524,756,654,433,712,574,75,0,16.7433,-2.7135,0,0,0,1,0,6700
9290,-15.2531,34.6443,-2.9317,196,0,0,93,245,0,0,518.0806,2103.2580,0,0,0,3,0,9191,4.7474,4.1259,-3.7524,755,658,440,708,601,105,0,16.1171,-1.4377,0,0,0,1,0,6725
9316,-13.6281,30.4568,-1.4317,191,0,0,91,240,0,0,158.9710,105.3443,0,0,0,3,0,9217,4.7474,4.1884,-3.7524,751,661,447,715,611,133,0,17.1409,-1.4377,0,0,0,1,0,6750
9342,-12.0656,23.7693,0.3182,163,0,0,82,236,0,0,155.0714,23.5684,0,0,0,3,0,9243,4.7474,4.2509,-3.8149,748,663,454,722,623,153,0,17.2772,-1.4894,0,0,0,1,0,6775
9368,-11.1906,16.8318,1.4432,134,0,0,75,208,0,0,2423.6152,-68.6901,0,0,0,3,0,9269,4.7474,4.2509,-3.7524,747,664,468,721,635,166,0,14.9327,-1.4377,0,0,0,1,0,6800
9394,-10.8156,12.0818,2.0057,118,0,0,70,192,0,0,597.0497,56.6201,0,0,0,3,0,9295,4.7474,4.1884,-3.6899,741,676,486,723,649,202,0,13.5823,-1.5239,0,0,0,1,0,6825
9420,-10.2531,7.5193,2.6307,110,0,0,75,189,0,0,317.9035,56.6201,0,0,0,3,0,9321,4.7474,4.1259,-3.6274,742,672,513,726,661,224,0,13.5823,-1.5756,0,0,0,1,0,6850
9445,-8.8156,1.5193,3.6932,109,0,0,75,177,0,0,269.1707,56.6201,0,0,0,3,0,9347,4.7474,4.0634,-3.5649,739,680,526,730,676,252,0,12.7085,-1.6101,0,0,0,1,0,6875
9470,-7.2531,-2.7931,4.1932,114,0,0,82,187,0,0,47.0047,56.6201,0,0,0,3,0,9373,4.8099,4.0634,-3.5024,722,688,538,734,678,286,0,12.1451,-1.5239,0,0,0,1,0,6900
9495,-6.0656,-4.7931,4.3807,189,0,0,82,221,0,0,36.1904,2102.1547,0,0,0,3,0,9399,4.8724,4.0009,-3.4399,703,692,549,740,688,332,0,12.2176,-1.6101,0,0,0,1,0,6925
9521,-4.9406,-6.4806,5.5057,266,0,0,56,215,0,0,35.1550,106.6029,0,0,0,3,0,9425,4.9349,4.0009,-3.4399,672,693,553,745,700,370,0,11.8976,-1.2825,0,0,0,2,0,6950
9546,-5.2531,-6.3556,6.0057,334,0,0,23,202,0,0,38.1427,106.6029,0,0,0,3,0,9451,4.9974,4.0009,-3.3774,625,694,542,745,713,416,0,11.7603,-1.3860,0,0,0,2,0,6975
9571,-6.0031,-5.2306,5.3182,480,0,0,19,150,0,0,104.4999,106.6029,0,0,0,0,0,9477,5.0599,4.1259,-3.3149,492,695,503,746,723,470,0,11.5268,-1.8860,0,0,0,2,0,7000
9597,-6.4406,-3.1681,4.0682,660,0,0,14,191,0,0,84.6452,106.6029,0,0,0,0,0,9503,5.2474,4.3759,-3.2524,340,684,378,742,732,545,0,12.1812,-1.1618,0,0,0,2,0,7025
9622,-6.4406,-1.0431,3.3807,711,0,5,159,434,0,0,151.3434,106.6029,0,0,0,0,0,9529,5.4349,4.6259,-3.2524,116,658,174,753,744,592,0,11.7943,-2.1963,0,0,0,2,0,7050
9648,-6.8156,1.2693,3.2557,734,15,93,409,486,0,0,43.0468,2102.8442,0,0,0,1,0,9555,5.7474,5.1884,-3.2524,9,598,36,755,743,623,0,13.8984,-1.4549,0,0,0,2,0,7075
9674,-6.9406,1.5818,2.8807,752,39,179,486,521,0,0,37.8521,112.5857,0,0,0,1,0,9581,5.9349,5.8134,-3.2524,3,491,2,760,744,637,0,17.4156,-2.4032,0,0,0,2,0,7100
9700,-6.9406,1.8318,2.6932,753,77,259,530,575,0,0,35.4087,112.5857,0,0,0,1,0,9607,6.2474,7.1259,-3.4399,3,398,0,754,745,654,0,17.5560,-1.6101,0,0,0,2,0,7125
9726,-6.8156,1.8943,2.6932,756,236,355,588,616,0,0,35.1550,112.5857,0,0,0,1,0,9633,6.5599,9.0009,-3.6899,4,291,0,739,740,641,0,24.4647,-1.6446,0,0,0,2,0,7150
9752,-6.7531,1.8943,2.6307,768,324,407,600,640,0,0,26.4143,112.5857,0,0,0,1,0,9659,6.8099,10.6259,-3.8149,3,186,0,712,714,654,0,38.4374,-0.8170,0,0,0,2,0,7175
9778,-6.6906,1.8943,2.6307,734,371,424,626,655,0,0,32.5695,2104.2236,0,0,0,1,0,9685,7.1224,12.7509,-4.0024,1,82,0,664,666,633,0,38.7363,-2.8170,0,0,0,2,0,7200
9804,-6.6906,1.8943,2.5682,741,384,441,637,663,0,0,32.7900,98.4477,0,0,0,1,0,9711,8.4350,19.0009,-3.8774,0,32,0,612,591,570,0,59.1960,-0.5756,0,0,0,2,0,7225
9830,-6.6906,1.8943,2.5682,765,399,447,645,668,0,0,34.1726,98.4477,0,0,0,1,0,9737,9.3100,22.8134,-3.5649,0,19,0,590,484,469,0,58.5484,-2.1618,0,0,0,3,0,7250
9856,-6.6906,1.8943,2.5682,770,390,451,648,666,0,0,36.1904,98.4477,0,0,0,1,0,9763,10.1850,26.6259,-3.3774,0,17,0,559,356,162,0,78.7534,-0.4204,0,0,0,3,0,7275
9882,-6.6906,1.8318,2.5682,741,388,447,665,666,0,0,36.1904,98.4477,0,0,0,1,0,9789,11.6850,31.0009,-3.0649,0,8,0,483,233,67,0,123.9886,135.3726,0,0,0,3,0,7300