0,0,0.5912,0.0453,731,782,271,640,526,0,0,-16.6414,-0.1635,0,0,0,1,0
26,0,0.5912,0.0453,758,779,279,623,519,0,0,-18.2286,-0.129,0,0,0,1,0
52,0,0.5912,0.0453,697,879,271,651,542,0,0,16.8075,0.2502,0,0,0,1,0
77,0,0.5912,0.0453,632,792,278,542,525,0,0,-15.7008,0.3019,0,0,0,1,0
102,0,0.5912,0.0453,767,307,311,542,640,0,0,-15.7008,0.3019,0,0,0,1,0
128,0,0.5912,0.0453,767,793,830,623,536,0,0,-16.6414,0.7157,0,0,0,1,0
154,0,0.5912,0.0453,755,367,287,764,519,0,0,-18.2286,0.2674,0,0,0,1,0
180,0,0.5912,0.0453,760,796,305,534,539,0,0,604.2078,0.2502,0,0,0,1,0
206,0,0.5912,0.0453,632,396,807,655,526,0,0,-10.4053,0.2846,0,0,0,1,0
232,0,0.5912,0.0453,758,283,823,654,539,0,0,16.8075,-0.1635,0,0,0,1,0
258,0,0.5912,0.0453,630,799,364,574,526,0,0,16.8075,-0.1635,0,0,0,1,0
284,0,0.5912,0.0453,764,831,811,560,536,0,0,-15.7008,-0.1635,0,0,0,1,0
310,0,0.5912,0.0453,767,400,878,543,640,0,0,-9.3922,-0.1808,0,0,0,1,0
336,0,0.5912,0.0453,767,829,311,575,536,0,0,-15.7008,-0.1635,0,0,0,1,0
362,0,0.5912,0.0453,739,319,407,670,526,0,0,-15.7008,0.3019,0,0,0,1,0
388,0,0.5912,0.0453,764,816,824,623,536,0,0,-15.9762,-0.1635,0,0,0,1,0
414,0,0.5912,0.0453,764,818,312,561,575,0,0,-15.7008,0.2502,0,0,0,1,0
440,0,0.5912,0.0453,766,871,511,611,648,0,0,-14.9875,-0.1635,0,0,0,1,0
466,0,0.5912,0.0453,755,916,312,560,649,0,0,16.8075,-0.1635,0,0,0,1,0
492,0,0.5912,0.0453,759,818,379,658,563,0,0,-17.7608,0.2502,0,0,0,1,0
518,0,0.5912,0.0453,767,359,495,614,751,0,0,-15.7008,0.2674,0,0,0,1,0
544,0,0.5912,0.0453,767,913,1020,620,652,0,0,-10.4053,-0.1635,0,0,0,1,0
570,0,0.5912,0.0453,748,876,1020,550,531,0,0,16.1852,0.2674,0,0,0,1,0
596,0,0.5912,0.0453,759,876,887,534,536,0,0,-13.7669,0.2502,0,0,0,1,0
622,0,0.5912,0.0453,636,307,823,547,648,0,0,-15.7008,0.2329,0,0,0,1,0
648,0,0.5912,0.0453,763,859,359,542,536,0,0,-9.3922,-0.1635,0,0,0,1,0
674,0,0.5912,0.0453,764,812,826,656,527,0,0,-9.3922,0.2674,0,0,0,1,0
699,0,0.5912,0.0453,639,917,507,719,563,0,0,-16.6414,0.2674,0,0,0,1,0
725,0,0.5912,0.0453,623,876,924,611,640,0,0,-18.2286,-0.1808,0,0,0,1,0
751,0,0.5912,0.0453,767,871,316,630,650,0,0,-10.4053,-0.1635,0,0,0,1,0
777,0,0.5912,0.0453,766,366,508,719,536,0,0,-15.7008,-0.1635,0,0,0,1,0
803,0,0.5912,0.0453,759,821,379,623,623,0,0,8.6075,-0.1635,0,0,0,1,0
828,0,0.5912,0.0453,763,347,829,657,566,0,0,-9.3922,0.2674,0,0,0,1,0
853,0,0.5912,0.0453,763,381,314,575,536,0,0,-9.3922,0.2674,0,0,0,1,0
878,0,0.5912,0.0453,765,319,316,547,759,0,0,-15.7008,-0.1635,0,0,0,1,0
904,0,0.5912,0.0453,636,876,316,563,647,0,0,-7.6378,0.2502,0,0,0,1,0
929,0,0.5912,0.0453,575,975,1022,656,640,0,0,-18.2286,-0.1635,0,0,0,1,0
955,0,0.5912,0.0453,760,876,1019,734,537,0,0,-15.7008,-0.1808,0,0,0,1,0
981,0,0.5912,0.0453,636,404,843,560,531,0,0,-19.5343,0.2502,0,0,0,1,0
1007,0,0.5912,0.0453,704,347,894,657,648,0,0,-9.3922,0.2502,0,0,0,1,0
1033,0,0.5912,0.0453,638,404,888,560,536,0,0,-14.9875,0.2502,0,0,0,1,0
1059,0,0.5912,0.0453,766,318,887,550,543,0,0,-14.9875,0.2502,0,0,0,1,0
1085,0,0.5912,0.0453,767,291,891,615,623,0,0,-17.7608,0.2502,0,0,0,1,0
1111,0,0.5912,0.0453,763,364,317,635,648,0,0,-15.7008,0.2502,0,0,0,1,0
1137,0,0.5912,0.0453,527,870,1021,591,755,0,0,-15.7008,0.2502,0,0,0,1,0
1163,0,0.5912,0.0453,632,916,507,703,650,0,0,-10.4053,0.2502,0,0,0,1,0
1189,0,0.5912,0.0453,763,812,357,656,648,0,0,-19.5343,-0.1808,0,0,0,1,0
1215,0,0.5912,0.0453,766,915,829,547,537,0,0,-9.3922,0.2674,0,0,0,1,0
1241,0,0.5912,0.0453,763,876,824,660,650,0,0,-9.3922,0.2502,0,0,0,1,0
1267,0,0.5912,0.0453,704,1019,380,551,527,0,0,-14.9875,-0.1635,0,0,0,1,0
1293,0,0.5912,0.0453,638,399,828,658,622,0,0,19.4251,-0.1635,0,0,0,1,0
1319,0,0.5912,0.0453,765,807,413,667,523,0,0,16.8075,0.2502,0,0,0,1,0
1345,0,0.5912,0.0453,710,404,887,658,640,0,0,-15.7008,-0.1808,0,0,0,1,0
1371,0,0.5912,0.0453,759,295,314,619,537,0,0,-17.7608,0.2502,0,0,0,1,0
1397,0,0.5912,0.0453,704,295,927,543,563,0,0,-19.5343,0.2502,0,0,0,1,0
1423,0,0.5912,0.0453,703,400,922,550,566,0,0,16.8075,0.2674,0,0,0,1,0
1449,0,0.5912,0.0453,704,294,408,560,575,0,0,-7.6378,0.2674,0,0,0,1,0
1475,0,0.5912,0.0453,639,479,408,574,563,0,0,-7.6378,0.2846,0,0,0,1,0
1501,0,0.5912,0.0453,704,908,302,560,603,0,0,-15.7008,0.3019,0,0,0,1,0
1527,0,0.5912,0.0453,705,287,347,560,543,0,0,-10.4053,0.3019,0,0,0,1,0
1553,0,0.5912,0.0453,539,891,876,560,640,0,0,-17.7608,0.2502,0,0,0,1,0
1579,0,0.5912,0.0453,763,828,806,566,539,0,0,-10.4053,0.2846,0,0,0,1,0
1605,0,0.5912,0.0453,704,796,826,653,526,0,0,-19.5343,0.2674,0,0,0,1,0
1631,0,0.5912,0.0453,704,284,831,541,523,0,0,-14.9875,0.2846,0,0,0,1,0
1657,0,0.5912,0.0453,652,791,816,541,645,0,0,-15.561,0.2502,0,0,0,1,0
1683,0,0.5912,0.0453,704,987,383,539,526,0,0,-9.3922,-0.1635,0,0,0,1,0
1709,0,0.5912,0.0453,704,792,319,539,575,0,0,-18.2286,0.2502,0,0,0,1,0
1735,0,0.5912,0.0453,707,268,319,574,524,0,0,-15.7008,0.2502,0,0,0,1,0
1761,0,0.5912,0.0453,543,310,798,540,640,0,0,-17.7608,0.3019,0,0,0,1,0
1787,0,0.5912,0.0453,704,279,400,550,524,0,0,-17.7608,0.2502,0,0,0,1,0
1813,0,0.5912,0.0453,767,279,991,652,645,0,0,-19.5343,0.3019,0,0,0,1,0
1839,0,0.5912,0.0453,646,796,287,571,542,0,0,16.8075,0.3019,0,0,0,1,0
1865,0,0.5912,0.0453,643,794,822,542,539,0,0,-17.6411,0.2674,0,0,0,1,0
1891,0,0.5912,0.0453,707,295,831,652,647,0,0,-9.3922,0.2674,0,0,0,1,0
1917,0,0.5912,0.0453,707,902,831,652,623,0,0,-14.9875,0.3019,0,0,0,1,0
1943,0,0.5912,0.0453,704,775,911,571,647,0,0,-15.7008,0.2674,0,0,0,1,0
1969,0,0.5912,0.0453,710,311,400,541,640,0,0,19.4251,-0.1463,0,0,0,1,0
1995,0,0.5912,0.0453,704,879,318,652,519,0,0,-14.9875,0.2674,0,0,0,1,0
2021,0,0.5912,0.0453,704,791,407,540,647,0,0,18.7507,0.2674,0,0,0,1,0
2047,0,0.5912,0.0453,704,823,401,639,644,0,0,-14.9875,0.2674,0,0,0,1,0
2073,0,0.5912,0.0453,704,795,792,653,543,0,0,8.1364,0.2674,0,0,0,1,0
2098,0,0.5912,0.0453,643,831,830,635,524,0,0,16.1852,0.3019,0,0,0,1,0
2124,0,0.5912,0.0453,647,792,798,623,540,0,0,-18.2286,0.3019,0,0,0,1,0
2150,0,0.5912,0.0453,712,282,285,575,539,0,0,-15.7008,0.2674,0,0,0,1,0
2176,0,0.5912,0.0453,664,828,827,574,640,0,0,-10.7941,0.2502,0,0,0,1,0
2202,0,0.5912,0.0453,712,794,795,536,644,0,0,-15.7008,0.2502,0,0,0,1,0
2228,0,0.5912,0.0453,623,819,827,652,524,0,0,-15.7008,0.2502,0,0,0,1,0
2254,0,0.5912,0.0453,574,879,823,539,539,0,0,-14.9875,0.2502,0,0,0,1,0
2280,0,0.5912,0.0453,720,907,782,542,645,0,0,-18.3429,0.2674,0,0,0,1,0
2306,0,0.5912,0.0453,574,822,905,534,642,0,0,-18.2286,0.2674,0,0,0,1,0
2332,0,0.5912,0.0453,639,267,280,567,644,0,0,-15.561,0.2674,0,0,0,1,0
2358,0,0.5912,0.0453,573,900,782,535,644,0,0,-17.7608,0.2502,0,0,0,1,0
2384,0,0.5912,0.0453,664,268,270,531,640,0,0,-17.9969,0.2846,0,0,0,1,0
2410,0,0.5912,0.0453,716,268,270,527,524,0,0,-18.3429,0.2674,0,0,0,1,0
2436,0,0.5912,0.0453,670,779,798,536,518,0,0,-16.6414,0.2674,0,0,0,1,0
2462,0,0.5912,0.0453,574,795,390,531,523,0,0,-18.2286,0.2674,0,0,0,1,0
2488,0,0.5912,0.0453,720,780,896,650,518,0,0,-15.7008,0.2502,0,0,0,1,0
2514,0,0.5912,0.0453,615,780,792,535,524,0,0,-10.4053,0.7157,0,0,0,1,0
2540,0,0.5912,0.0453,751,780,822,652,640,0,0,-14.9875,0.2502,0,0,0,1,0
2566,0,0.5912,0.0453,767,799,310,563,539,0,0,10.0717,0.2502,0,0,0,1,0
2592,0,0.5912,0.0453,652,782,904,535,640,0,0,-19.8397,0.3019,0,0,0,1,0
2618,0,0.5912,0.0453,669,782,280,640,642,0,0,-15.8392,0.3019,0,0,0,1,0
2644,0,0.5912,0.0453,675,270,793,537,519,0,0,-15.7008,0.3019,0,0,0,1,0
2670,0,0.5912,0.0453,689,799,783,652,518,0,0,16.8075,0.3191,0,0,0,1,0
2696,0,0.5912,0.0453,614,783,896,623,527,0,0,-9.3922,-0.0946,0,0,0,1,0
2722,0,0.5912,0.0453,678,268,799,648,524,0,0,-17.7608,0.3019,0,0,0,1,0
2748,0,0.5912,0.0453,735,389,270,623,640,0,0,-15.7008,0.3191,0,0,0,1,0
2774,0,0.5912,0.0453,719,903,267,534,524,0,0,-10.4053,-0.0946,0,0,0,1,0
2800,0,0.5912,0.0453,704,798,900,543,640,0,0,8.6075,-0.0601,0,0,0,1,0
2826,0,0.5912,0.0453,725,390,771,640,640,0,0,10.0717,-0.0773,0,0,0,1,0
2852,0,0.5912,0.0453,736,783,1019,649,643,0,0,-15.7008,-0.0256,0,0,0,1,0
2878,0,0.5912,0.0453,737,383,1007,535,638,0,0,19.4251,-0.0084,0,0,0,1,0
2904,0,0.5912,0.0453,710,377,879,650,766,0,0,-17.7608,-0.0256,0,0,0,1,0
2930,0,0.5912,0.0453,738,495,1009,537,639,0,0,-15.7008,-0.0084,0,0,0,1,0
2956,0,0.5912,0.0453,751,370,495,652,626,0,0,18.7507,0.0433,0,0,0,1,0
2982,0,0.5912,0.0453,738,499,365,531,640,0,0,-17.7608,-0.3877,0,0,0,1,0
3008,0,0.5912,0.0453,720,491,495,559,640,0,0,-19.7388,-0.3704,0,0,0,1,0
3034,0,0.5912,0.0453,707,1004,879,751,638,0,0,17.4422,-0.3704,0,0,0,1,0
3060,0,0.5912,0.0453,717,503,369,638,515,0,0,-15.7008,-0.3704,0,0,0,1,0
3086,0,0.5912,0.0453,710,383,494,539,766,0,0,-17.7608,-0.3532,0,0,0,1,0
3112,0,0.5912,0.0453,736,990,1004,652,767,0,0,-17.7608,-0.3359,0,0,0,1,0
3138,0,0.5912,0.0453,737,373,447,571,640,0,0,18.0898,-0.3187,0,0,0,1,0
3164,0,0.5912,0.0453,703,487,494,655,756,0,0,-17.7608,-0.3187,0,0,0,1,0
3190,0,0.5912,0.0453,703,887,496,669,766,0,0,18.0898,-0.3187,0,0,0,1,0
3216,0,0.5912,0.0453,720,509,376,667,640,0,0,-19.7388,-0.3359,0,0,0,1,0
3242,0,0.5912,0.0453,701,390,384,642,642,0,0,-16.1119,-0.3359,0,0,0,1,0
3268,0,0.5912,0.0453,734,398,282,664,646,0,0,18.0898,-0.3359,0,0,0,1,0
3294,-0.0625,0.5912,0.0453,735,511,404,634,563,0,0,-15.7008,-0.3359,0,0,0,1,0
3320,-0.0625,0.5912,0.1078,733,417,416,672,567,0,0,18.7507,-0.3187,0,0,0,1,0
3346,-0.0625,0.5912,0.1078,732,344,347,583,656,0,0,18.0898,0.095,0,0,0,1,0
3372,-0.0625,0.5912,0.1703,751,424,431,588,526,0,0,-15.8392,0.0605,0,0,0,1,0
3398,-0.0625,0.5912,0.1703,724,425,499,703,638,0,0,-10.2075,-0.3359,0,0,0,1,0
3424,-0.0625,0.5912,0.1703,720,343,870,679,656,0,0,7.6734,0.0433,0,0,0,1,0
3450,-0.0625,0.5912,0.1703,687,444,363,568,657,0,0,-16.1119,0.026,0,0,0,1,0
3476,-0.0625,0.5912,0.1703,758,446,440,677,659,0,0,18.0898,0.0433,0,0,0,1,0
3502,-0.0625,0.5912,0.1703,728,367,440,600,659,0,0,18.7507,0.026,0,0,0,1,0
3528,-0.0625,0.5912,0.2328,667,948,956,595,660,0,0,18.7507,0.026,0,0,0,1,0
3554,-0.0625,0.5912,0.2328,720,375,964,604,663,0,0,18.0898,0.0433,0,0,0,1,0
3580,-0.0625,0.5912,0.2328,703,363,967,686,652,0,0,18.7507,0.0433,0,0,0,1,0
3606,-0.125,0.5912,0.2328,708,371,968,703,564,0,0,18.7507,0.0088,0,0,0,1,0
3632,-0.125,0.5912,0.2953,663,443,461,686,627,0,0,-19.7388,-0.0084,0,0,0,1,0
3658,-0.125,0.5912,0.2953,716,374,413,672,569,0,0,-16.1119,-0.0084,0,0,0,1,0
3684,-0.125,0.5912,0.2953,714,887,974,735,630,0,0,-15.7008,-0.0084,0,0,0,1,0
3710,-0.125,0.5912,0.2953,715,383,460,639,627,0,0,-15.7008,-0.0084,0,0,0,1,0
3736,-0.125,0.5912,0.2953,712,1020,412,688,569,0,0,-10.4053,0.026,0,0,0,1,0
3762,-0.125,0.5912,0.2953,655,508,975,623,631,0,0,18.7507,-0.0084,0,0,0,1,0
3788,-0.125,0.5912,0.2953,703,1011,944,688,656,0,0,-17.7608,-0.0084,0,0,0,1,0
3814,-0.125,0.5912,0.2953,704,1015,432,703,568,0,0,-15.8392,-0.0084,0,0,0,1,0
3840,-0.125,0.5912,0.2953,654,1018,464,614,571,0,0,-19.7388,0.0088,0,0,0,1,0
3866,-0.125,0.5912,0.2953,653,377,945,612,666,0,0,-16.1119,-0.0084,0,0,0,1,0
3892,-0.125,0.5912,0.2953,655,442,468,625,571,0,0,-17.7608,-0.0084,0,0,0,1,0
3918,-0.125,0.5912,0.2953,711,511,432,742,669,0,0,-17.7608,-0.0084,0,0,0,1,0
3944,-0.125,0.5912,0.2953,653,379,412,625,751,0,0,-15.7008,-0.0084,0,0,0,1,0
3970,-0.125,0.5912,0.2953,712,374,355,615,572,0,0,-10.6009,-0.0084,0,0,0,1,0
3996,-0.125,0.5912,0.2953,697,377,464,614,566,0,0,-15.7008,-0.0084,0,0,0,1,0
4022,-0.125,0.5912,0.2953,704,442,465,637,568,0,0,-10.4053,-0.0084,0,0,0,1,0
4048,-0.125,0.5912,0.2953,655,502,464,691,630,0,0,-19.7388,-0.0084,0,0,0,1,0
4074,-0.125,0.5912,0.2953,712,440,972,730,755,0,0,-10.9852,0.0088,0,0,0,1,0
4100,-0.125,0.5912,0.2953,566,999,408,607,559,0,0,-9.3922,-0.0084,0,0,0,1,0
4126,-0.125,0.5912,0.2953,543,507,398,627,665,0,0,-17.7608,-0.0084,0,0,0,1,0
4152,-0.125,0.5912,0.2953,566,444,390,734,664,0,0,-15.7008,-0.0084,0,0,0,1,0
4178,-0.125,0.5912,0.2953,712,339,511,607,569,0,0,-10.2075,-0.0084,0,0,0,1,0
4204,-0.125,0.5912,0.2953,615,472,1019,702,560,0,0,-15.7008,-0.0084,0,0,0,1,0
4230,-0.125,0.5912,0.2953,709,422,1017,702,622,0,0,-17.6411,0.0088,0,0,0,1,0
4256,-0.125,0.5912,0.2953,714,459,376,598,703,0,0,-19.5343,-0.0084,0,0,0,1,0
4282,-0.125,0.5912,0.2953,665,844,504,710,557,0,0,-19.8397,-0.0084,0,0,0,1,0
4308,-0.125,0.5912,0.2953,663,911,355,575,734,0,0,-15.4198,-0.0084,0,0,0,1,0
4334,-0.125,0.5912,0.2953,559,876,475,719,659,0,0,-9.3922,-0.0428,0,0,0,1,0
4360,-0.125,0.5912,0.2953,668,327,487,575,558,0,0,-15.7008,-0.0428,0,0,0,1,0
4386,-0.125,0.5912,0.2953,635,966,1006,667,767,0,0,-10.4053,-0.0601,0,0,0,1,0
4412,-0.125,0.5912,0.2953,688,864,975,711,560,0,0,-9.3922,-0.0428,0,0,0,1,0
4438,-0.125,0.5912,0.2953,573,828,999,608,620,0,0,18.7507,-0.0601,0,0,0,1,0
4464,-0.125,0.5912,0.2953,671,374,446,610,611,0,0,-12.2632,0.3364,0,0,0,1,0
4490,-0.125,0.5912,0.2953,688,920,479,751,550,0,0,-19.7388,0.3191,0,0,0,1,0
4516,-0.125,0.5912,0.2953,635,991,972,608,551,0,0,16.8075,0.3191,0,0,0,1,0
4542,-0.125,0.5912,0.2953,689,478,1023,766,620,0,0,-9.3922,-0.0946,0,0,0,1,0
4568,-0.125,0.5912,0.2953,671,887,348,763,615,0,0,16.8075,0.3191,0,0,0,1,0
4594,-0.125,0.5912,0.2953,639,816,891,766,767,0,0,-10.4053,0.2846,0,0,0,1,0
4620,-0.125,0.5912,0.2953,664,871,988,763,638,0,0,-10.4053,0.3019,0,0,0,1,0
4646,-0.125,0.5912,0.2953,574,830,873,560,611,0,0,10.0717,-0.1463,0,0,0,1,0
4672,-0.125,0.5912,0.2953,614,283,503,735,560,0,0,-9.3922,0.2674,0,0,0,1,0
4698,-0.125,0.5912,0.2953,614,1023,1007,615,653,0,0,-19.5343,0.2502,0,0,0,1,0
4724,-0.125,0.5912,0.2953,735,1019,281,557,566,0,0,-9.3922,-0.2325,0,0,0,1,0
4750,-0.125,0.5912,0.2328,735,496,284,551,559,0,0,-14.9875,-0.2325,0,0,0,1,0
4776,-0.125,0.5912,0.2328,703,495,287,615,649,0,0,-17.6411,-0.267,0,0,0,1,0
4802,-0.125,0.5912,0.2328,710,492,270,543,575,0,0,-15.7008,-0.3187,0,0,0,1,0
4828,-0.125,0.5912,0.2328,688,495,392,559,527,0,0,-17.7608,-0.3187,0,0,0,1,0
4854,-0.125,0.5912,0.2328,736,998,319,642,535,0,0,-10.6009,-0.8015,0,0,0,1,0
4880,-0.125,0.5912,0.2953,707,508,918,657,566,0,0,-15.7008,-0.8359,0,0,0,1,0
4906,-0.125,0.5912,0.2953,707,900,847,591,566,0,0,-19.5343,-0.4221,0,0,0,1,0
4932,-0.125,0.5912,0.2953,737,286,932,622,767,0,0,-14.9875,-0.9049,0,0,0,1,0
4958,-0.125,0.5912,0.2953,696,382,368,734,607,0,0,-17.7608,-0.5773,0,0,0,1,0
4984,-0.125,0.5912,0.3578,615,947,1023,759,658,0,0,-15.7008,-0.5946,0,0,0,1,0
5010,-0.125,0.5912,0.4203,759,985,822,572,560,0,0,-18.2286,-0.698,0,0,0,1,0
5036,-0.125,0.5912,0.4828,539,487,975,694,551,0,0,-18.2286,-0.8015,0,0,0,1,0
5062,-0.125,0.5912,0.4828,527,1020,1019,568,622,0,0,604.2078,-1.267,0,0,0,1,0
5088,-0.125,0.5912,0.5453,688,961,984,734,735,0,0,-18.2286,-0.9049,0,0,0,1,0
5114,-0.125,0.5912,0.6078,755,822,990,710,751,0,0,-10.9852,-1.4221,0,0,0,1,0
5140,-0.125,0.5912,0.6078,766,895,504,716,758,0,0,-18.2286,-1.0601,0,0,0,1,0
5166,-0.125,0.5912,0.6703,632,867,512,728,695,0,0,-18.2286,-1.0601,0,0,0,1,0
5192,-0.0625,0.5912,0.7328,755,888,563,694,707,0,0,-16.6414,-1.5428,0,0,0,1,0
5218,-0.0625,0.5912,0.7953,767,1023,560,694,758,0,0,-18.2286,-1.1635,0,0,0,1,0
5244,-0.125,0.5912,0.7953,652,831,755,753,670,0,0,-16.6414,-1.1635,0,0,0,1,0
5270,-0.125,0.5912,0.7953,668,947,767,694,694,0,0,238.9083,-1.2153,0,0,0,1,0
5296,-0.125,0.5912,0.7953,643,956,610,716,635,0,0,-17.7608,-1.629,0,0,0,1,0
5322,-0.125,0.5912,0.7953,764,958,608,748,635,0,0,-17.7608,-1.629,0,0,0,1,0
5348,-0.125,0.5912,0.7953,614,959,655,760,752,0,0,-17.7608,-1.6463,0,0,0,1,0
5374,-0.125,0.5287,0.7953,731,1008,575,731,734,0,0,-17.7608,-1.2153,0,0,0,1,0
5400,-0.125,0.5287,0.7953,751,923,671,731,751,0,0,-18.2286,-1.629,0,0,0,1,0
5426,-0.125,0.5287,0.7953,767,975,700,735,710,0,0,-18.2286,-1.6463,0,0,0,1,0
5452,-0.125,0.4662,0.7953,652,991,701,748,743,0,0,-16.6414,-1.6463,0,0,0,1,0
5478,-0.125,0.4662,0.7953,611,507,751,735,734,0,0,803.1985,-1.6463,0,0,0,1,0
5504,-0.125,0.4037,0.7953,620,518,731,719,760,0,0,-16.6414,-2.0601,0,0,0,1,0
5530,-0.125,0.3412,0.7953,620,539,752,766,751,0,0,-16.6414,-1.5946,0,0,0,1,0
5556,-0.0625,0.3412,0.7328,620,703,758,643,751,0,0,-18.3429,-1.5946,0,0,0,1,0
5582,-0.125,0.2787,0.7328,719,563,643,654,763,0,0,-17.0253,-1.5773,0,0,0,1,0
5608,-0.125,0.2162,0.6703,639,536,542,688,623,0,0,-18.4562,-1.5773,0,0,0,1,0
5634,-0.125,0.1537,0.6078,767,620,664,591,758,0,0,-16.6414,-1.1118,0,0,0,1,0
5660,-0.1875,0.1537,0.4828,728,534,652,688,704,0,0,-17.1508,-0.629,0,0,0,1,0
5686,-0.1875,0.2162,0.4203,635,966,767,620,647,0,0,1904.6564,-0.1463,0,0,0,1,0
5712,-0.25,0.2787,0.4203,762,780,831,614,704,152,0,-10.2075,-0.5773,0,0,0,1,0
5738,-0.3125,0.5287,0.3578,959,143,1016,703,766,126,0,-10.4053,-0.9566,0,0,0,1,0
5764,-0.4375,1.1537,0.3578,876,30,179,767,707,31,0,-10.4053,-0.8877,0,0,0,1,0
5790,-0.6875,2.0912,0.4203,1019,15,15,632,638,243,0,-15.133,-0.267,0,0,0,1,0
5816,-1.375,4.2787,0.4828,977,3,103,953,511,75,0,-15.133,0.4743,0,0,0,1,0
5842,-2.375,7.0287,0.0453,974,6,48,1023,795,6,0,-10.4053,0.7329,0,0,0,0,0
5868,-2.9375,8.7787,-0.4546,926,3,123,155,975,0,0,10.0717,1.9398,0,0,0,0,0
5894,-2.6875,10.9662,-1.2046,1016,3,126,219,1016,0,0,117.8648,2.2502,0,0,0,0,0
5920,-2.1875,11.0912,-0.7671,1014,0,126,254,972,0,0,117.8648,1.6812,0,0,0,0,0
5946,-2.0625,9.9662,-0.5171,975,0,60,236,870,0,0,-19.8397,2.095,0,0,0,0,0
5972,-2.6875,8.0287,-0.9546,1008,0,111,204,1011,0,0,-12.2632,2.8364,0,0,0,0,0
5998,-3,6.7787,-1.2046,1020,0,51,255,966,0,0,73.4628,2.595,0,0,0,0,0
6024,-3,5.1537,-1.3296,987,0,31,222,867,0,0,238.9083,2.3019,0,0,0,0,0
6050,-2.625,3.4662,-1.0171,1008,0,14,191,792,0,0,-18.5684,2.4226,0,0,0,0,0
6076,-2.5625,2.2787,-0.8296,499,0,27,223,775,0,0,-18.5684,2.1467,0,0,0,0,0
6102,-2.6875,1.0287,-0.8296,1010,0,12,57,252,0,0,-18.2286,2.2329,0,0,0,0,0
6128,-3.25,-0.7212,-1.2671,366,0,15,57,246,0,0,-2.6687,2.3536,0,0,0,0,0
6153,-3.6875,-2.6587,-1.3296,362,0,3,29,238,0,0,-2.3698,2.8881,0,0,0,0,0
6178,-3.625,-4.0962,-1.0171,866,0,0,33,239,0,0,4.2384,2.095,0,0,0,0,0
6203,-3.4375,-5.0337,-0.6421,337,0,0,39,226,0,0,11.6167,1.664,0,0,0,0,0
6228,-3.125,-5.5337,-0.1421,331,0,0,121,216,0,0,11.6167,2.1467,0,0,0,0,0
6253,-3.0625,-5.4712,0.1078,331,0,0,26,218,0,0,2.6824,2.4743,0,0,0,0,0
6278,-3.125,-6.4712,0.7953,331,0,0,29,214,0,0,10.0717,1.9915,0,0,0,0,0
6303,-3.6875,-7.5962,1.4828,319,0,0,37,158,0,0,8.1364,1.8364,0,0,0,0,0
6328,-4.125,-7.9712,1.8578,313,0,0,43,191,0,0,8.1364,1.6812,0,0,0,0,0
6353,-4.4375,-7.7837,2.1078,357,0,0,44,192,0,0,6.3311,1.8364,0,0,0,0,0
6378,-4.75,-7.6587,2.6078,356,0,0,45,193,0,0,-18.1133,1.1984,0,0,0,0,0
6403,-4.9375,-7.4712,2.4828,402,0,0,48,194,0,0,344.5247,1.4743,0,0,0,0,0
6428,-5.3125,-6.2837,2.0453,447,0,0,25,186,0,0,8.6075,0.3191,0,0,0,0,0
6453,-5.75,-4.2837,1.3578,534,0,0,13,193,0,0,11.6167,0.8881,0,0,0,0,0
6478,-5.75,-3.0337,1.2328,607,0,0,10,184,0,0,12.1508,-0.0084,0,0,0,0,0
6503,-5.875,-1.2837,0.6703,641,20,28,167,308,0,0,16.1852,-0.3704,0,0,0,0,0
6529,-6.25,1.1537,0.0453,704,179,51,975,798,0,0,-18.2286,-0.1118,0,0,0,1,0
6555,-6.3125,1.0912,0.1078,703,243,230,908,899,0,0,-16.6414,-0.4911,0,0,0,1,0
6581,-6.25,1.0912,0.1703,763,51,255,1008,995,0,0,-18.3429,0.3191,0,0,0,1,0
6607,-6.25,1.0912,0.3578,710,251,1011,767,751,0,0,-18.2286,-0.267,0,0,0,1,0
6633,-6.1875,1.0287,0.4203,635,892,888,734,731,0,0,-18.2286,-0.8877,0,0,0,1,0
6659,-6.1875,0.9037,0.5453,731,876,828,575,767,0,0,-17.7608,-1.3877,0,0,0,1,0
6685,-6.1875,0.8412,0.5453,767,1012,951,766,742,0,0,-17.7608,-1.0428,0,0,0,1,0
6711,-6.1875,0.7162,0.6078,764,792,964,755,542,0,0,-10.4053,-0.2842,0,0,0,1,0
6737,-6.125,0.7162,0.6078,758,829,1023,748,767,0,0,73.4628,-0.3704,0,0,0,1,0
6763,-6.125,0.6537,0.6078,759,975,883,760,620,0,0,-9.1821,-0.8359,0,0,0,1,0
6789,-6.125,0.6537,0.6078,760,1023,971,536,755,0,0,80.3976,-1.3187,0,0,0,1,0
6815,-6.125,0.6537,0.6078,758,975,536,719,707,0,0,16.8075,-1.3359,0,0,0,1,0
6841,-6.125,0.5912,0.6703,703,908,526,655,694,0,0,-18.2286,-1.3704,0,0,0,1,0
6867,-6.1875,0.4662,0.6703,751,871,703,728,635,0,0,-16.6414,-1.3877,0,0,0,1,0
6893,-6.1875,0.4662,0.6703,764,1007,707,624,695,0,0,-18.2286,-0.9566,0,0,0,1,0
6919,-6.25,0.4037,0.6703,767,966,635,752,719,0,0,-15.561,-1.4394,0,0,0,1,0
6945,-6.25,0.3412,0.6703,748,958,750,758,758,0,0,-17.7608,-1.4394,0,0,0,1,0
6971,-6.25,0.3412,0.6078,752,1006,763,751,763,0,0,106.6701,-1.0084,0,0,0,1,0
6997,-6.25,0.3412,0.6078,742,512,758,652,704,0,0,-18.2286,-1.0601,0,0,0,1,0
7023,-6.3125,0.2787,0.6078,638,566,688,664,539,30,0,-16.6414,-1.0773,0,0,0,1,0
7049,-6.3125,0.2162,0.5453,638,703,620,614,539,99,0,-16.6414,-1.0601,0,0,0,1,0
7075,-6.3125,0.1537,0.5453,700,735,758,719,664,252,0,-15.561,-1.5256,0,0,0,1,0
7101,-6.375,0.1537,0.4828,716,766,763,734,539,190,0,-15.561,-1.5428,0,0,0,1,0
7127,-6.375,0.0912,0.4203,655,655,710,688,635,192,0,-15.9762,-1.129,0,0,0,1,0
7153,-6.4375,0.0287,0.2953,527,608,736,707,638,230,0,-16.6414,-1.1118,0,0,0,1,0
7179,-6.5,-0.0337,0.1703,638,527,767,710,638,255,0,803.1985,-1.129,0,0,0,1,0
7205,-6.5625,0.0287,0.1078,710,783,608,691,767,255,0,-16.6414,-1.129,0,0,0,1,0
7231,-6.6875,0.2787,0.0453,847,143,990,691,635,63,0,-16.6414,-0.6635,0,0,0,1,0
7257,-6.9375,0.9037,-0.0171,1020,63,255,632,728,204,0,-18.2286,-0.6463,0,0,0,1,0
7283,-7.3125,1.7787,-0.1421,828,15,239,764,707,255,0,-18.5684,-0.8704,0,0,0,1,0
7309,-7.75,3.1537,-0.3296,920,6,123,575,1016,96,0,-19.1146,-0.0601,0,0,0,1,0
7335,-8.8125,5.6537,-0.8921,947,6,222,892,1011,0,0,-18.1133,0.7157,0,0,0,0,0
7361,-9.75,8.4037,-1.9546,819,3,108,30,963,0,0,-19.4308,1.0778,0,0,0,0,0
7387,-10.25,9.7787,-2.8296,1007,0,191,246,780,0,0,10.0717,2.8881,0,0,0,0,0
7413,-10.5625,10.4662,-3.8296,792,0,107,108,795,0,0,-19.1146,2.4743,0,0,0,0,0
7439,-10.9375,9.4037,-3.7671,896,0,219,102,879,0,0,-19.1146,2.7674,0,0,0,0,0
7465,-11.125,8.6537,-3.8921,1014,0,207,207,879,0,0,-19.1146,2.164,0,0,0,0,0
7491,-11.1875,7.1537,-3.9546,987,0,207,103,792,0,0,-17.7608,2.3709,0,0,0,0,0
7517,-11.1875,5.9037,-3.9546,956,0,255,207,771,0,0,-17.7608,2.1122,0,0,0,0,0
7543,-11.25,3.8412,-3.8296,488,0,59,99,227,0,0,-13.7669,3.1122,0,0,0,0,0
7569,-11.25,1.7787,-3.6421,347,0,8,13,184,0,0,18.7507,2.7846,0,0,0,0,0
7594,-11.1875,0.5912,-3.4546,343,0,30,12,203,0,0,20.1136,1.9915,0,0,0,0,0
7619,-10.9375,-0.5337,-3.0796,344,0,3,11,122,0,0,22.2677,2.0433,0,0,0,0,0
7644,-10.25,-1.8462,-2.5171,329,0,1,15,247,0,0,22.2677,2.1122,0,0,0,0,0
7669,-9.625,-2.4087,-2.1421,328,0,0,12,173,0,0,25.3645,2.6122,0,0,0,0,0
7694,-8.875,-3.6587,-1.4546,327,0,0,12,169,0,0,31.5028,2.6295,0,0,0,0,0
7719,-8.25,-5.0962,-0.7046,325,0,0,28,160,0,0,32.4649,3.095,0,0,0,0,0
7744,-7.875,-5.8462,-0.1421,322,0,0,16,156,0,0,31.5028,2.1984,0,0,0,0,0
7769,-7.6875,-6.3462,0.4203,321,0,0,17,157,0,0,32.4649,2.1295,0,0,0,0,0
7794,-7.6875,-7.0962,1.0453,316,0,0,22,161,0,0,32.4649,2.095,0,0,0,0,0
7819,-8.0625,-7.9087,1.4203,308,0,0,27,156,0,0,21.5344,1.9226,0,0,0,0,0
7844,-8.9375,-8.6587,1.8578,296,0,0,36,150,0,0,22.2677,1.7846,0,0,0,0,0
7869,-9.4375,-8.5337,2.0453,314,0,0,38,145,0,0,11.6167,1.595,0,0,0,0,0
7894,-9.5,-8.2212,2.2328,319,0,0,36,144,0,0,23.0168,2.2502,0,0,0,0,0
7919,-9.4375,-7.9087,2.4203,396,0,0,18,146,0,0,22.2677,1.5088,0,0,0,0,0
7944,-9.5625,-7.1587,2.2328,438,0,0,5,135,0,0,16.1852,0.7329,0,0,0,0,0
7969,-9.9375,-6.0962,1.7328,0,0,0,5,138,0,0,16.8075,1.164,0,0,0,0,0
7994,-10.75,-4.0962,1.1703,664,0,0,11,176,0,0,22.2677,-0.5428,0,0,0,0,0
8019,-11.4375,-1.3462,0.4203,624,0,1,5,219,0,0,-19.1146,0.3019,0,0,0,0,0
8044,-11.5625,0.4037,0.0453,571,19,51,97,320,0,0,25.3645,-0.2153,0,0,0,0,0
8070,-11.6875,1.0287,-0.0796,700,34,84,303,358,0,0,21.5344,0.2502,0,0,0,0,0
8096,-11.6875,1.2162,-0.0171,828,123,3,991,828,0,0,73.4628,-0.1808,0,0,0,1,0
8122,-11.625,1.2787,0.1078,734,243,251,972,987,0,0,16.8075,-0.3187,0,0,0,1,0
8148,-11.625,1.2787,0.2328,688,198,867,1023,967,0,0,-18.2286,-1.3187,0,0,0,1,0
8174,-11.625,1.2162,0.3578,758,103,1011,512,703,0,0,-13.7669,-1.4221,0,0,0,1,0
8200,-11.5625,1.1537,0.4828,766,379,803,748,652,0,0,-18.2286,-0.6635,0,0,0,1,0
8226,-11.5625,1.0912,0.6078,667,879,444,643,731,0,0,-18.2286,-0.2842,0,0,0,1,0
8252,-11.5625,1.0287,0.6703,671,952,462,566,764,0,0,-18.1133,-0.3704,0,0,0,1,0
8278,-11.5,1.0287,0.6078,700,888,879,611,766,0,0,-15.561,-0.3877,0,0,0,1,0
8304,-11.5,1.0287,0.5453,694,1022,956,751,736,0,0,-17.7608,-0.8532,0,0,0,1,0
8330,-11.5,0.9662,0.4828,763,988,998,655,736,0,0,-17.7608,-0.8532,0,0,0,1,0
8356,-11.5,0.9037,0.4828,742,896,1020,638,694,0,0,-16.6414,-0.8532,0,0,0,1,0
8382,-11.5,0.9037,0.4203,743,870,911,760,753,0,0,1574.935,-1.3187,0,0,0,1,0
8408,-11.5,0.7787,0.3578,760,926,1014,748,760,0,0,-18.2286,-1.3187,0,0,0,1,0
8434,-11.5,0.7162,0.3578,750,1010,967,566,515,0,0,-15.561,-1.3704,0,0,0,1,0
8460,-11.5,0.6537,0.3578,750,511,986,767,543,0,0,-17.7608,-0.9394,0,0,0,1,0
8486,-11.5,0.5912,0.3578,731,902,987,620,635,0,0,-16.6414,-1.3359,0,0,0,1,0
8512,-11.5,0.5287,0.3578,739,920,512,766,763,0,0,-16.6414,-1.3015,0,0,0,1,0
8538,-11.5,0.4662,0.2953,767,1021,571,711,572,0,0,-16.6414,-1.3187,0,0,0,1,0
8564,-11.5,0.4037,0.2953,700,894,764,691,763,0,0,-17.9969,-0.9049,0,0,0,1,0
8590,-11.5625,0.3412,0.2328,575,1007,767,635,610,0,0,660.1259,-0.9049,0,0,0,1,0
8616,-11.5625,0.2787,0.1703,575,623,731,734,691,15,0,-10.4053,-0.9049,0,0,0,1,0
8642,-11.625,0.1537,0.1703,670,735,767,652,752,102,0,-10.4053,-0.9049,0,0,0,1,0
8668,-11.625,0.1537,0.1078,766,767,542,574,734,179,0,-15.7008,-0.9049,0,0,0,1,0
8694,-11.6875,0.0912,0.0453,734,710,574,703,767,63,0,-8.5366,-1.3015,0,0,0,1,0
8720,-11.75,0.0912,-0.0171,540,966,542,667,639,188,0,-15.133,-0.8704,0,0,0,1,0
8746,-11.875,0.2787,-0.0796,510,892,731,691,704,140,0,-2.3698,-0.8359,0,0,0,1,0
8772,-12,0.5912,-0.0171,828,195,972,728,646,239,0,-19.4308,-0.3704,0,0,0,1,0
8798,-12.375,1.5287,0.0453,1007,63,239,755,748,158,0,-10.4053,-0.6118,0,0,0,1,0
8824,-12.8125,3.4662,0.1703,926,3,102,638,758,131,0,-19.5343,0.164,0,0,0,1,0
8850,-13.0625,5.2162,0.1703,879,0,123,704,1008,54,0,-19.4308,1.095,0,0,0,1,0
8876,-13.5,8.1537,-0.2671,987,3,143,1019,1023,191,0,-19.5343,1.1122,0,0,0,1,0
8902,-13.75,10.0287,-0.7046,959,0,155,60,990,0,0,9.5749,1.9398,0,0,0,0,0
8928,-14.125,11.8412,-1.8921,511,0,158,192,1014,0,0,-19.5343,2.8364,0,0,0,0,0
8954,-14.5,11.9037,-2.3296,992,0,198,111,1023,0,0,-19.5343,3.1984,0,0,0,0,0
8980,-14.75,11.4037,-2.5171,1023,0,251,96,831,0,0,11.6167,3.8364,0,0,0,0,0
9006,-14.9375,10.5287,-2.7046,894,0,102,243,984,0,0,-10.9852,3.5605,0,0,0,0,0
9032,-15.125,8.9037,-2.9546,975,0,126,207,819,0,0,18.7507,2.3536,0,0,0,0,0
9058,-15.25,7.0912,-2.8921,998,0,25,102,248,0,0,18.7507,2.3536,0,0,0,0,0
9084,-15.125,5.9037,-2.7671,478,0,11,30,191,0,0,22.2677,2.7157,0,0,0,0,0
9109,-14.875,4.1537,-2.5796,894,0,4,15,234,0,0,39.9112,2.2502,0,0,0,0,0
9134,-14.5,2.2162,-2.5171,358,0,2,48,231,0,0,-7.1712,2.1812,0,0,0,0,0
9159,-14.1875,0.9662,-2.2671,840,0,0,19,225,0,0,-16.2462,1.7157,0,0,0,0,0
9184,-13.875,-0.2212,-2.0171,335,0,0,18,212,0,0,35.4964,2.095,0,0,0,0,0
9209,-13.375,-1.6587,-1.6421,340,0,0,19,209,0,0,36.5582,1.6122,0,0,0,0,0
9234,-13,-2.9087,-1.0796,332,0,0,20,201,0,0,22.2677,1.9915,0,0,0,0,0
9259,-12.625,-4.4712,-0.3296,345,0,0,26,124,0,0,22.2677,1.9398,0,0,0,0,0
9284,-12.5625,-5.3462,0.3578,322,0,0,26,177,0,0,28.75,1.8881,0,0,0,0,0
9309,-12.75,-5.4087,0.7953,320,0,0,58,175,0,0,28.75,1.3536,0,0,0,0,0
9334,-12.8125,-5.9087,1.5453,324,0,0,44,175,0,0,28.75,1.664,0,0,0,3,0
9359,-12.8125,-6.9087,2.1078,345,0,0,44,181,0,0,8.1364,1.1984,0,0,0,0,0
9384,-12.6875,-7.0337,2.1703,334,0,0,47,164,0,0,8.1364,1.5088,0,0,0,0,0
9409,-12.3125,-6.3462,2.2953,387,0,0,29,86,0,0,-1.1305,0.8364,0,0,0,0,0
9434,-11.5625,-6.4087,2.4828,450,0,0,12,167,0,0,18.7507,1.026,0,0,0,0,0
9459,-11,-5.7837,2.1703,576,0,0,5,198,0,0,17.4422,-0.2842,0,0,0,0,0
9484,-10.625,-4.5962,1.7953,570,0,0,5,216,0,0,46.1269,-0.8532,0,0,0,0,0
9509,-10.875,-1.2837,0.7953,748,22,44,70,365,0,0,44.8151,-0.0773,0,0,0,0,0
9535,-11.0625,0.9037,0.1703,694,62,143,1007,998,0,0,80.3976,-0.2842,0,0,0,1,0
9561,-11.25,0.9662,0.0453,664,155,118,867,623,0,0,-7.8667,0.5778,0,0,0,1,0
9587,-11.1875,1.0912,0.1703,688,126,891,894,716,0,0,-19.8397,-0.8015,0,0,0,1,0
9613,-11.125,1.1537,0.3578,632,111,891,518,527,0,0,-15.561,-1.3359,0,0,0,1,0
9639,-11.125,1.0287,0.4203,751,819,894,667,707,0,0,11.6167,-1.3877,0,0,0,1,0
9665,-11.0625,0.9662,0.4203,734,446,1023,643,760,0,0,-15.133,-0.6463,0,0,0,1,0
9691,-11,0.9662,0.4828,667,1019,987,688,641,0,0,-10.9852,-0.2842,0,0,0,1,0
9717,-11,0.9662,0.4828,655,896,1022,758,575,0,0,11.6167,-0.3187,0,0,0,1,0
9743,-10.9375,1.0287,0.4828,736,511,783,767,640,0,0,-18.1133,-0.7497,0,0,0,1,0
9769,-10.9375,1.0287,0.4203,707,1023,921,694,734,0,0,-19.8397,-0.7497,0,0,0,1,0
9795,-10.9375,1.0287,0.4203,632,1023,991,767,574,0,0,-16.2462,-0.7497,0,0,0,1,0
9821,-10.9375,0.9662,0.3578,736,382,963,755,731,0,0,-15.9762,-0.8015,0,0,0,1,0
9847,-10.875,0.9037,0.3578,639,1022,383,519,637,0,0,18.0898,-1.2153,0,0,0,1,0
9873,-10.9375,0.7787,0.3578,766,822,1021,623,767,0,0,-6.9334,-1.2325,0,0,0,1,0
9899,-10.9375,0.7162,0.2953,736,511,1014,560,710,0,0,22.2677,-0.7842,0,0,0,1,0
9925,-10.9375,0.6537,0.2953,767,931,1023,719,731,0,0,18.7507,-1.2153,0,0,0,1,0
9951,-10.9375,0.5912,0.2328,767,992,536,627,707,0,0,11.6167,-1.2153,0,0,0,1,0
9977,-10.9375,0.5287,0.1703,639,879,540,766,608,0,0,18.7507,-1.2153,0,0,0,1,0
10003,-11,0.4037,0.1078,755,1006,734,694,695,0,0,18.7507,-1.2153,0,0,0,1,0
10029,-11,0.2787,0.0453,635,527,767,728,753,6,0,-13.6069,-1.1808,0,0,0,1,0
10055,-11.0625,0.1537,-0.0171,764,719,700,731,719,63,0,25.3645,-0.7842,0,0,0,1,0
10081,-11.0625,0.0912,-0.0796,763,767,700,652,760,239,0,-7.8667,-0.7497,0,0,0,1,0
10107,-11.125,-0.0337,-0.1421,623,635,731,665,703,120,0,-7.8667,-0.3359,0,0,0,1,0
10133,-11.1875,-0.0962,-0.2671,639,638,623,688,762,0,0,-2.9634,-0.7842,0,0,0,1,0
10159,-11.25,-0.0962,-0.3921,763,400,992,607,742,252,0,82.8824,-0.7497,0,0,0,1,0
10185,-11.3125,0.0912,-0.4546,767,187,974,571,655,0,0,-2.6687,-0.8015,0,0,0,1,0
10211,-11.5,0.4662,-0.5171,896,60,240,742,523,123,0,75.6923,-0.3187,0,0,0,1,0
10237,-11.75,1.1537,-0.5796,1014,27,158,764,760,0,0,-13.2819,-0.2153,0,0,0,1,0
10263,-12.5,2.9662,-0.7671,975,0,15,752,987,123,0,18.7507,0.9743,0,0,0,0,0
10289,-13.3125,4.4662,-1.2046,504,0,6,230,483,0,0,-8.7544,1.3536,0,0,0,0,0
10315,-14.3125,6.5287,-2.5171,896,0,27,27,867,0,0,11.6167,1.3191,0,0,0,0,0
10341,-14.5,7.4662,-4.2046,879,0,14,219,867,0,0,-19.5343,1.6812,0,0,0,0,0
10367,-14.4375,6.8412,-4.0796,511,0,24,63,831,0,0,-19.5343,1.9915,0,0,0,0,0
10393,-14.375,5.7162,-3.7671,792,0,30,255,990,0,0,9.5749,2.7502,0,0,0,0,0
10419,-14.375,4.7787,-3.4546,798,0,12,60,956,0,0,-19.8397,2.0433,0,0,0,0,0
10445,-14.3125,4.2787,-3.3296,795,0,12,252,984,0,0,11.6167,2.1984,0,0,0,0,0
10471,-14.0625,3.5912,-3.1421,775,0,15,119,864,0,0,18.7507,1.8709,0,0,0,0,0
10497,-13.625,2.4662,-2.8921,1020,0,6,124,824,0,0,-5.6973,1.9743,0,0,0,0,0
10523,-13.375,1.1537,-2.7046,373,0,0,29,255,0,0,31.5028,2.4571,0,0,0,0,0
10548,-13.25,0.3412,-2.7046,370,0,0,22,237,0,0,27.0188,2.095,0,0,0,0,0
10573,-13.25,-0.2837,-2.6421,361,0,0,54,229,0,0,27.0188,1.7157,0,0,0,0,0
10599,-12.875,-1.2837,-2.2046,352,0,0,20,223,0,0,-16.2462,2.1984,0,0,0,0,0
10625,-12.3125,-2.2837,-1.5796,345,0,0,22,211,0,0,44.8151,1.7846,0,0,0,0,0
10651,-11.9375,-2.7837,-1.2046,344,0,0,18,194,0,0,82.8824,1.8881,0,0,0,3,0
10677,-11.625,-3.2212,-0.5796,338,0,0,16,193,0,0,56.4413,1.9398,0,0,0,3,0
10703,-11.375,-4.0962,0.5453,329,0,0,18,181,0,0,56.4413,1.9226,0,0,0,3,0
10728,-11.25,-4.7212,1.1078,314,0,0,37,179,0,0,56.4413,2.3536,0,0,0,3,0
10753,-11.125,-5.0962,1.4828,312,0,0,43,169,0,0,56.4413,1.8709,0,0,0,3,0
10778,-11.0625,-5.1587,1.7328,313,0,0,43,164,0,0,54.834,1.7846,0,0,0,3,0
10803,-11.1875,-4.9712,2.1703,309,0,0,44,163,0,0,58.0985,2.026,0,0,0,3,0
10828,-11.1875,-5.2837,2.5453,308,0,0,45,162,0,0,58.0985,1.3536,0,0,0,3,0
10853,-11.0625,-5.4087,2.9828,329,0,0,42,166,0,0,46.1269,1.9743,0,0,0,0,0
10878,-11.0625,-5.2837,3.2328,406,0,0,15,162,0,0,44.8151,0.7674,0,0,0,0,0
10903,-11,-5.0337,3.0453,728,0,0,5,167,0,0,-10.7941,0.7674,0,0,0,0,0
10928,-10.9375,-3.7837,2.1703,0,0,0,5,210,0,0,50.291,-0.0601,0,0,0,0,0
10953,-11,-1.4087,1.2953,701,17,252,126,401,0,0,51.7608,0.095,0,0,0,0,0
10979,-11.5,0.7162,0.4828,758,227,3,1022,1014,0,0,-19.8397,-0.2842,0,0,0,1,0
11005,-11.75,0.9037,0.1703,646,248,111,1014,831,0,0,-7.8667,0.1467,0,0,0,1,0
11031,-11.75,0.9662,0.2328,670,252,176,1023,1012,0,0,-19.8397,0.1295,0,0,0,1,0
11057,-11.6875,1.0287,0.4203,767,118,798,920,574,0,0,18.7507,-0.3877,0,0,0,1,0
11083,-11.625,0.9662,0.4828,704,222,879,959,646,0,0,18.7507,-0.9566,0,0,0,1,0
11109,-11.625,0.9037,0.5453,719,230,1019,611,707,0,0,-13.2819,-1.0256,0,0,0,1,0
11135,-11.5625,0.9037,0.6078,728,911,878,694,739,0,0,-16.2462,-0.6463,0,0,0,1,0
11161,-11.5625,0.9037,0.6078,691,1020,812,646,751,0,0,-19.8397,-0.6463,0,0,0,1,0
11187,-11.5625,0.8412,0.5453,744,940,971,688,515,0,0,-13.7669,-0.6463,0,0,0,1,0
11213,-11.5625,0.8412,0.5453,691,963,891,707,539,0,0,803.1985,-0.6463,0,0,0,1,0
11239,-11.5,0.7787,0.4828,691,959,1023,735,648,0,0,803.1985,-0.2842,0,0,0,1,0
11265,-11.5,0.7162,0.4203,710,796,830,759,635,0,0,-7.8667,-0.698,0,0,0,1,0
11291,-11.5,0.6537,0.3578,700,1007,1022,518,632,0,0,-9.5996,-0.698,0,0,0,1,0
11317,-11.5,0.5912,0.3578,655,951,984,572,766,0,0,-10.9852,-0.698,0,0,0,1,0
11343,-11.5,0.5287,0.2953,736,961,1023,703,667,0,0,-9.5996,-0.6808,0,0,0,1,0
11369,-11.5,0.4662,0.2953,736,367,543,579,700,0,0,11.6167,-0.6808,0,0,0,1,0
11395,-11.5625,0.4662,0.2953,707,990,731,670,735,0,0,18.7507,-0.698,0,0,0,1,0
11421,-11.5625,0.4037,0.2328,736,879,608,732,719,0,0,23.0168,-0.6808,0,0,0,1,0
11447,-11.625,0.3412,0.2328,767,1015,700,752,748,0,0,-8.0928,-1.1118,0,0,0,1,0
11473,-11.625,0.2787,0.1703,614,566,632,767,758,0,0,25.3645,-1.1118,0,0,0,1,0
11499,-11.625,0.2162,0.1078,751,622,643,527,767,0,0,10.0717,-0.698,0,0,0,1,0
11525,-11.6875,0.1537,0.0453,755,767,755,563,646,62,0,80.3976,-0.698,0,0,0,1,0
11551,-11.75,0.0287,-0.0171,755,670,767,688,708,251,0,25.3645,-0.698,0,0,0,1,0
11577,-11.8125,-0.0337,-0.1421,767,719,664,703,707,246,0,106.6701,-0.6808,0,0,0,1,0
11603,-11.8125,-0.0337,-0.2046,711,526,767,751,703,60,0,-1.7591,-1.1635,0,0,0,1,0
11629,-11.875,0.0287,-0.3296,883,895,560,763,704,204,0,106.6701,-1.1635,0,0,0,1,0
11655,-12,0.3412,-0.3921,1011,243,971,563,764,246,0,96.8384,-0.7497,0,0,0,1,0
11681,-12.1875,0.7787,-0.4546,0,51,246,638,703,60,0,-11.1741,-0.3187,0,0,0,1,0
11707,-12.5,1.5912,-0.5796,1023,6,182,716,652,120,0,276.7974,-0.1808,0,0,0,1,0
11733,-13.5625,3.5912,-0.7671,1008,0,24,623,1014,0,0,2.6824,0.2502,0,0,0,1,0
11759,-15.3125,6.1537,-1.5171,499,0,12,390,379,3,0,-18.3429,1.664,0,0,0,0,0
11785,-16.4375,7.4662,-2.5171,1019,0,63,127,1020,0,0,-19.4308,2.2157,0,0,0,0,0
11811,-17.5,8.1537,-4.3296,783,0,30,182,960,0,0,-19.5343,2.2674,0,0,0,0,0
11837,-17.6875,7.0287,-4.1421,1022,0,13,204,1016,0,0,-18.5684,2.6295,0,0,0,0,0
11863,-17.5,6.3412,-3.9546,956,0,15,198,984,0,0,16.8075,2.4053,0,0,0,0,0
11889,-17.0625,5.4037,-3.5796,848,0,6,120,308,0,0,-19.7388,2.5778,0,0,0,0,0
11915,-16.75,4.7162,-3.3296,384,0,6,22,787,0,0,9.087,2.6812,0,0,0,0,0
11940,-16.1875,3.2162,-2.8921,374,0,2,21,252,0,0,80.3976,2.3019,0,0,0,0,0
11965,-15.9375,2.0912,-2.5796,879,0,0,19,239,0,0,88.1412,2.3019,0,0,0,0,0
11990,-15.5,0.5912,-2.1421,360,0,0,17,225,0,0,88.1412,2.3019,0,0,0,0,0
12015,-15.125,-0.3462,-1.6421,463,0,0,13,216,0,0,-19.7388,2.3191,0,0,0,3,0
12041,-14.5,-1.6587,-0.7671,341,0,0,11,204,0,0,63.3937,1.8881,0,0,0,3,0
12067,-14,-2.4712,-0.2671,330,0,0,17,203,0,0,39.9112,1.9398,0,0,0,3,0
12093,-13.625,-3.7837,0.2953,324,0,0,19,194,0,0,41.0884,2.4053,0,0,0,3,0
12118,-13.6875,-4.8462,0.7953,318,0,0,22,190,0,0,41.0884,1.9743,0,0,0,3,0
12143,-13.75,-5.5962,1.2953,311,0,0,31,175,0,0,36.5582,1.9398,0,0,0,3,0
12169,-13.6875,-6.1587,1.8578,315,0,0,43,176,0,0,36.5582,1.8364,0,0,0,3,0
12194,-13.3125,-6.9712,2.5453,308,0,0,48,184,0,0,35.4964,2.1295,0,0,0,3,0
12219,-13,-7.7837,3.0453,303,0,0,50,187,0,0,8.6075,1.5605,0,0,0,3,0
12244,-12.9375,-8.2837,3.2953,303,0,0,52,187,0,0,4.2384,1.3019,0,0,0,3,0
12269,-13,-8.5337,3.5453,391,0,0,28,188,0,0,4.6432,1.4053,0,0,0,0,0
12294,-13,-8.3462,3.6078,0,0,0,6,172,0,0,3.0622,1.026,0,0,0,0,0
12319,-12.8125,-7.4087,3.0453,599,0,0,4,202,0,0,3.0622,-0.3187,0,0,0,0,0
12344,-12.0625,-5.4087,2.6078,610,0,0,31,257,0,0,-18.6796,0.6812,0,0,0,0,0
12370,-12.25,-1.3462,1.1703,731,28,132,134,479,0,0,21.5344,0.095,0,0,0,0,0
12396,-12.5625,0.7787,0.4203,670,27,219,987,608,0,0,73.4628,-0.0601,0,0,0,1,0
12422,-12.6875,0.8412,0.3578,734,207,771,879,652,0,0,16.8075,-0.8532,0,0,0,1,0
12448,-12.5625,0.9662,0.4828,716,207,975,926,766,0,0,16.8075,-1.3359,0,0,0,1,0
12474,-12.5,0.9662,0.6078,736,227,994,536,767,0,0,7.6734,-0.9566,0,0,0,1,0
12500,-12.5,0.9037,0.6078,632,768,1023,635,518,0,0,7.6734,-0.6463,0,0,0,1,0
12526,-12.4375,0.8412,0.6078,731,987,1003,646,755,0,0,1904.6564,-0.698,0,0,0,1,0
12552,-12.375,0.7787,0.6078,734,911,870,728,608,0,0,-2.3698,-0.698,0,0,0,1,0
12578,-12.375,0.7162,0.6078,703,990,966,703,575,0,0,9.5749,-0.267,0,0,0,1,0
12604,-12.375,0.7162,0.6078,719,819,988,539,635,0,0,-18.1133,-0.7153,0,0,0,1,0
12630,-12.375,0.6537,0.6078,688,987,512,719,719,0,0,3129.8613,-0.698,0,0,0,1,0
12656,-12.4375,0.5912,0.6078,767,1004,719,655,735,0,0,803.1985,-0.698,0,0,0,1,0
12682,-12.4375,0.5287,0.5453,703,910,707,694,748,0,0,-19.5343,-1.129,0,0,0,1,0
12708,-12.5,0.5287,0.5453,704,876,639,763,704,0,0,-19.1146,-0.7153,0,0,0,1,0
12734,-12.5625,0.4662,0.5453,623,992,751,731,643,0,0,96.8384,-1.1808,0,0,0,1,0
12760,-12.5625,0.4037,0.5453,572,894,527,635,542,0,0,-18.2286,-1.1635,0,0,0,1,0
12786,-12.5625,0.4037,0.4828,638,478,665,575,566,0,0,-19.1146,-1.1808,0,0,0,1,0
12812,-12.625,0.3412,0.4828,572,1023,572,623,572,30,0,-18.899,-1.198,0,0,0,1,0
12838,-12.625,0.2787,0.4203,575,512,735,688,767,111,0,-15.9762,-1.1808,0,0,0,1,0
12864,-12.6875,0.2162,0.3578,572,560,764,734,611,96,0,-15.9762,-1.1635,0,0,0,1,0
12890,-12.6875,0.1537,0.2953,767,731,667,751,527,243,0,-16.6414,-0.7497,0,0,0,1,0
12916,-12.75,0.1537,0.2328,752,755,728,635,620,222,0,-8.5366,-0.2842,0,0,0,1,0
12942,-12.75,0.0912,0.1703,728,755,703,655,751,54,0,-18.899,-0.2842,0,0,0,1,0
12968,-12.8125,0.0912,0.1078,739,998,728,728,763,207,0,-11.7278,-1.1463,0,0,0,1,0
12994,-12.9375,0.1537,0.0453,0,990,566,748,707,975,0,18.7507,-0.7497,0,0,0,1,0
13020,-13,0.2787,-0.0171,876,111,1007,758,710,894,0,18.7507,-0.267,0,0,0,1,0
13046,-13.3125,0.8412,-0.1421,975,51,972,751,710,1014,0,80.3976,-0.1463,0,0,0,2,0
13072,-13.875,2.2787,-0.3296,255,6,195,575,700,774,0,80.3976,-0.3187,0,0,0,2,0
13098,-14.375,3.9037,-0.5171,158,0,236,751,752,1008,0,-15.561,0.1122,0,0,0,2,0
13124,-15.75,6.9037,-1.2046,0,3,207,704,892,111,0,106.6701,1.095,0,0,0,2,0
13150,-17,9.0287,-2.2046,255,0,54,956,950,15,0,-1.4471,2.095,0,0,0,0,0
13176,-19,11.6537,-3.7671,508,0,12,134,346,0,0,46.1269,3.1467,0,0,0,0,0
13202,-19.9375,12.5287,-5.3296,482,0,111,124,946,0,0,63.3937,3.3019,0,0,0,0,0
13228,-19.8125,11.5912,-4.8921,975,0,15,112,799,0,0,2.6824,3.5778,0,0,0,0,0
13254,-19,10.0912,-4.2671,510,0,5,216,496,0,0,18.7507,3.7329,0,0,0,0,0
13280,-18.25,9.2162,-3.7671,1023,0,2,127,895,0,0,-6.9334,3.3191,0,0,0,0,0
13306,-17.25,7.8412,-3.0171,312,0,0,243,803,0,0,71.3101,3.7157,0,0,0,0,0
13332,-16.75,6.7787,-2.5171,340,0,0,23,259,0,0,-0.8093,3.1984,0,0,0,0,0
13357,-16.1875,5.0912,-1.9546,342,0,0,20,246,0,0,11.6167,3.1984,0,0,0,0,0
13382,-15.5625,3.4662,-1.3296,336,0,0,15,233,0,0,71.3101,2.664,0,0,0,0,0
13407,-15.0625,2.5287,-0.8296,333,0,0,13,204,0,0,99.9794,2.2502,0,0,0,0,0
13432,-14.375,1.3412,-0.2671,330,0,0,14,206,0,0,103.2538,2.6295,0,0,0,0,0
13458,-13.25,-0.4712,0.2953,408,0,0,38,228,0,0,50.291,2.6295,0,0,0,3,0
13483,-12.375,-1.5962,0.6703,322,0,0,19,226,0,0,44.8151,2.6122,0,0,0,3,0
13508,-11.25,-3.0962,0.9828,313,0,0,19,211,0,0,46.1269,2.1812,0,0,0,3,0
13533,-10.875,-4.2837,1.6703,310,0,0,20,195,0,0,44.8151,2.1467,0,0,0,3,0
13558,-10.9375,-4.9712,2.1703,311,0,0,23,122,0,0,44.8151,2.5088,0,0,0,3,0
13583,-11.25,-5.4087,2.5453,294,0,0,37,186,0,0,39.9112,2.4053,0,0,0,3,0
13608,-11.75,-5.8462,3.0453,299,0,0,37,190,0,0,23.0168,1.8536,0,0,0,3,0
13633,-12.125,-6.0337,3.2953,297,0,0,39,192,0,0,23.7823,2.0088,0,0,0,3,0
13658,-12.75,-6.6587,4.1703,296,0,0,42,194,0,0,2.6824,1.6812,0,0,0,3,0
13683,-13.0625,-7.0962,4.7953,375,0,0,17,190,0,0,-19.4308,1.0433,0,0,0,0,0
13709,-13.0625,-6.9712,4.8578,371,0,0,5,191,0,0,-3.254,1.026,0,0,0,0,0
13734,-12.9375,-6.0962,4.1703,948,0,0,4,218,0,0,19.4251,0.5433,0,0,0,0,0
13759,-12.4375,-4.1587,3.2328,575,0,0,6,250,0,0,-15.8392,-0.0084,0,0,0,0,0
13785,-12.625,-0.7212,1.5453,673,25,102,188,471,0,0,21.5344,-0.4394,0,0,0,0,0
13811,-13.0625,0.7787,0.6703,734,230,222,959,734,0,0,-10.9852,-1.0084,0,0,0,1,0
13837,-13.1875,0.7787,0.4828,743,255,158,822,539,0,0,-17.7608,-1.3359,0,0,0,1,0
13863,-13.0625,0.9037,0.5453,755,243,865,966,764,0,0,803.1985,-1.3704,0,0,0,1,0
13889,-13,0.9037,0.6703,763,129,1014,1023,703,0,0,604.2078,-0.5946,0,0,0,1,0
13915,-12.9375,0.8412,0.7328,1023,126,1007,564,640,0,0,73.4628,-0.3359,0,0,0,1,0
13941,-12.9375,0.8412,0.8578,767,111,379,716,767,0,0,18.7507,-0.8532,0,0,0,1,0
13967,-12.875,0.8412,0.8578,752,255,300,752,611,0,0,-3.254,-0.8532,0,0,0,1,0
13993,-12.875,0.8412,0.8578,768,126,475,749,614,0,0,-16.1119,-1.2842,0,0,0,1,0
14019,-12.8125,0.8412,0.7953,766,768,358,664,614,0,0,23.0168,-0.8359,0,0,0,1,0
14045,-12.8125,0.7787,0.7328,764,1014,864,614,731,0,0,803.1985,-1.2842,0,0,0,1,0
14071,-12.875,0.7162,0.6703,763,975,956,766,755,0,0,-10.4053,-1.2497,0,0,0,1,0
14097,-12.8125,0.6537,0.6078,755,310,1022,702,767,0,0,-10.4053,-0.7842,0,0,0,1,0
14123,-12.875,0.5912,0.6078,764,445,975,758,707,0,0,604.2078,-1.2153,0,0,0,1,0
14149,-12.875,0.4662,0.6078,760,894,984,623,700,0,0,7.6734,-1.2153,0,0,0,1,0
14175,-12.875,0.4037,0.5453,742,891,1019,568,739,0,0,7.6734,-0.7497,0,0,0,1,0
14201,-12.9375,0.2787,0.5453,749,902,639,638,756,0,0,263.1722,-1.1635,0,0,0,1,0
14227,-13,0.2162,0.4828,750,888,564,700,760,0,0,-18.5684,-1.1635,0,0,0,1,0
14253,-13,0.1537,0.4203,742,992,718,748,767,0,0,-19.637,-1.1808,0,0,0,1,0
14279,-13.0625,0.0287,0.4203,742,1023,734,764,527,0,0,-17.0253,-1.1463,0,0,0,1,0
14305,-13.0625,-0.0337,0.3578,703,524,643,539,572,3,0,-16.6414,-0.7325,0,0,0,1,0
14331,-13.125,-0.0962,0.2953,755,734,572,703,575,120,0,-16.6414,-0.7325,0,0,0,1,0
14357,-13.1875,-0.1587,0.2328,655,764,688,734,635,227,0,-10.2075,-0.7325,0,0,0,1,0
14383,-13.25,-0.2837,0.1078,763,560,623,764,635,152,0,10.0717,-0.7325,0,0,0,1,0
14409,-13.3125,-0.2837,-0.0796,572,963,767,758,623,232,0,-17.0253,-0.7497,0,0,0,1,0
14435,-13.375,-0.2212,-0.1421,755,1011,975,699,575,191,0,-19.4308,-0.7497,0,0,0,1,0
14461,-13.5625,0.0287,-0.2671,963,191,780,692,767,255,0,9.087,-0.3187,0,0,0,1,0
14487,-14,0.9037,-0.4546,987,27,254,542,635,254,0,-19.4308,-0.8532,0,0,0,1,0
14513,-14.75,1.9662,-0.7046,1007,0,28,527,1014,255,0,-19.4308,-0.3359,0,0,0,1,0
14539,-16,3.4662,-1.0796,956,0,0,1007,1014,134,0,18.7507,0.5605,0,0,0,0,0
14565,-18.1875,6.0287,-2.2046,507,0,0,230,927,0,0,96.8384,1.4571,0,0,0,0,0
14591,-19.4375,7.9037,-3.7671,1023,0,15,227,995,0,0,-1.4471,1.8881,0,0,0,0,0
14617,-19.125,8.5912,-4.5171,1023,0,12,120,879,0,0,-11.1741,2.1812,0,0,0,0,0
14643,-17.875,7.5287,-3.6421,1020,0,27,108,984,0,0,25.3645,2.4743,0,0,0,0,0
14669,-17.3125,6.4037,-3.2046,1023,0,12,207,831,0,0,-7.8667,2.2329,0,0,0,0,0
14695,-17.0625,4.6537,-2.8921,1019,0,6,108,878,0,0,-10.4053,1.9226,0,0,0,0,0
14721,-16.875,3.0287,-2.6421,1004,0,6,108,894,0,0,-19.5343,2.4571,0,0,0,0,0
14747,-16.4375,1.8412,-2.3296,1010,0,0,108,774,0,0,10.0717,2.0433,0,0,0,0,0
14773,-15.8125,0.2787,-1.9546,443,0,0,91,254,0,0,113.9652,1.6812,0,0,0,0,0
14799,-15.3125,-1.0962,-1.5796,345,0,0,47,244,0,0,113.9652,1.7329,0,0,0,0,0
14825,-15.0625,-1.8462,-1.3921,341,0,0,22,223,0,0,145.6045,1.3191,0,0,0,0,0
14851,-14.8125,-2.4712,-1.0796,332,0,0,24,215,0,0,415.2273,1.8364,0,0,0,0,0
14877,-14.0625,-3.3462,-0.3921,415,0,0,22,198,0,0,415.2273,1.9398,0,0,0,3,0
14903,-13.125,-4.0962,0.6078,319,0,0,46,194,0,0,80.3976,2.0433,0,0,0,3,0
14928,-12.6875,-4.5962,1.2953,314,0,0,28,191,0,0,50.291,1.7329,0,0,0,3,0
14953,-12.5,-5.2837,2.1078,311,0,0,43,188,0,0,69.2302,2.1984,0,0,0,3,0
14978,-12.8125,-5.7212,2.4203,293,0,0,52,187,0,0,56.4413,2.2502,0,0,0,3,0
15003,-13.3125,-6.5962,2.9203,298,0,0,57,189,0,0,58.0985,1.7329,0,0,0,3,0
15028,-13.5625,-7.1587,3.3578,303,0,0,59,192,0,0,63.3937,1.9915,0,0,0,3,0
15053,-13.6875,-7.8462,3.8578,296,0,0,61,198,0,0,63.3937,1.7846,0,0,0,3,0
15078,-13.6875,-8.0962,4.0453,294,0,0,60,200,0,0,37.6472,1.526,0,0,0,3,0
15103,-13.6875,-8.3462,4.2328,383,0,0,39,204,0,0,50.291,1.2157,0,0,0,0,0
15129,-13.6875,-8.0962,3.9828,0,0,0,5,188,0,0,51.7608,0.3536,0,0,0,0,0
15154,-13.75,-6.4712,3.1078,523,0,0,6,206,0,0,58.0985,0.7157,0,0,0,0,0
15179,-13.6875,-5.0337,2.6703,615,0,0,7,272,0,0,56.4413,-1.2153,0,0,0,0,0
15204,-14.3125,-1.0337,1.4828,708,38,203,287,751,0,0,-1.4471,-1.0084,0,0,0,1,0
15230,-14.6875,0.8412,0.7328,736,99,891,944,638,0,0,-1.4471,-1.1635,0,0,0,1,0
15256,-14.6875,0.9037,0.7328,718,254,819,512,739,0,0,73.4628,-0.9566,0,0,0,1,0
15282,-14.625,0.9662,0.7953,575,204,894,703,763,0,0,-7.8667,-1.0256,0,0,0,1,0
15308,-14.5625,0.9037,0.8578,731,99,900,691,575,0,0,80.3976,-0.6463,0,0,0,1,0
15334,-14.5,0.8412,0.8578,755,240,877,758,758,0,0,80.3976,-0.8015,0,0,0,1,0
15360,-14.5,0.8412,0.8578,703,816,963,611,719,0,0,80.3976,-0.3877,0,0,0,1,0
15386,-14.5,0.7787,0.7953,630,972,972,632,703,0,0,80.3976,-0.8015,0,0,0,1,0
15412,-14.4375,0.7162,0.6703,766,950,923,764,568,0,0,80.3976,-0.3187,0,0,0,1,0
15438,-14.4375,0.7162,0.6078,736,891,923,738,632,0,0,-13.7669,-0.8015,0,0,0,1,0
15464,-14.4375,0.6537,0.5453,728,1008,879,716,607,0,0,803.1985,-0.7497,0,0,0,1,0
15490,-14.4375,0.6537,0.5453,728,1014,892,575,734,0,0,73.4628,-0.7325,0,0,0,1,0
15516,-14.375,0.5912,0.4828,694,310,879,623,755,0,0,80.3976,-0.7497,0,0,0,1,0
15542,-14.375,0.4662,0.4203,703,991,486,752,572,0,0,80.3976,-0.7325,0,0,0,1,0
15568,-14.375,0.4037,0.3578,691,984,991,731,582,0,0,80.3976,-0.267,0,0,0,1,0
15594,-14.375,0.3412,0.2953,575,959,962,751,758,0,0,-12.7809,-0.698,0,0,0,1,0
15620,-14.4375,0.2787,0.2328,728,783,819,760,638,0,0,93.823,-0.698,0,0,0,1,0
15646,-14.4375,0.1537,0.1703,691,870,944,641,608,0,0,-1.7591,-0.6808,0,0,0,1,0
15672,-14.4375,0.0912,0.1078,575,984,879,572,667,0,0,106.6701,-0.6808,0,0,0,1,0
15698,-14.4375,0.0287,0.0453,728,1007,955,731,623,0,0,106.6701,-1.1118,0,0,0,1,0
15724,-14.4375,-0.0962,-0.0171,736,934,511,767,635,0,0,106.6701,-1.1118,0,0,0,1,0
15750,-14.5,-0.2212,-0.0796,696,1000,638,691,728,0,0,-1.4471,-0.6463,0,0,0,1,0
15776,-14.5625,-0.3462,-0.2046,767,1022,755,703,728,0,0,106.6701,-0.6808,0,0,0,1,0
15802,-14.625,-0.4087,-0.2671,639,536,767,646,703,0,0,106.6701,-0.6808,0,0,0,1,0
15828,-14.6875,-0.5337,-0.3921,632,475,735,652,750,255,0,-18.899,-1.1635,0,0,0,1,0
15854,-14.8125,-0.4712,-0.5171,566,859,283,635,743,223,0,-11.9083,-0.7325,0,0,0,1,0
15880,-15,-0.2837,-0.5796,478,127,243,566,575,0,0,2.6824,-0.3187,0,0,0,1,0
15906,-15.375,0.2787,-0.6421,0,63,51,734,691,63,0,-19.1146,-0.7325,0,0,0,1,0
15932,-16.25,1.7162,-0.9546,831,3,246,563,908,243,0,-8.5366,0.3191,0,0,0,1,0
15958,-17.375,3.1537,-1.4546,822,0,24,891,975,12,0,-15.133,0.6812,0,0,0,0,0
15984,-18.8125,4.7162,-2.5171,1016,0,24,239,920,0,0,93.823,0.6467,0,0,0,0,0
16010,-20.375,6.4662,-4.5171,1020,0,28,30,1023,0,0,803.1985,1.1122,0,0,0,0,0
16036,-20.9375,6.5287,-5.2671,771,0,126,191,959,0,0,803.1985,1.5433,0,0,0,0,0
16062,-21,5.6537,-4.7046,867,0,59,123,831,0,0,803.1985,2.3019,0,0,0,0,0
16088,-20.6875,4.5912,-4.0171,816,0,51,216,864,0,0,803.1985,2.526,0,0,0,0,0
16114,-20.1875,3.9662,-3.7046,1023,0,24,158,1019,0,0,-13.2819,2.6295,0,0,0,0,0
16140,-19.1875,3.0912,-3.1421,1023,0,30,67,796,0,0,-1.4471,2.3191,0,0,0,0,0
16166,-18.25,1.9662,-2.5796,1014,0,12,124,783,0,0,-1.7591,2.8364,0,0,0,0,0
16192,-17.8125,1.2787,-2.3921,998,0,1,251,246,0,0,-3.254,2.0433,0,0,0,3,0
16218,-17.4375,0.2162,-2.0796,494,0,0,25,232,0,0,5.4732,2.095,0,0,0,3,0
16243,-17.25,-0.4087,-1.8296,352,0,0,21,225,0,0,4.6432,2.164,0,0,0,3,0
16268,-16.75,-1.5337,-1.2671,461,0,0,20,218,0,0,110.2372,2.1984,0,0,0,0,0
16294,-16.3125,-2.2837,-0.7671,355,0,0,19,208,0,0,117.8648,1.8019,0,0,0,3,0
16320,-15.625,-2.9087,0.1703,335,0,0,20,61,0,0,56.4413,1.8364,0,0,0,0,0
16345,-15.1875,-3.2837,0.6078,450,0,0,20,192,0,0,27.8744,2.1984,0,0,0,3,0
16370,-14.8125,-3.8462,0.9828,318,0,0,21,192,0,0,27.0188,1.7846,0,0,0,3,0
16395,-14.6875,-5.0337,1.4828,323,0,0,27,189,0,0,46.1269,1.7329,0,0,0,3,0
16420,-14.75,-5.8462,1.8578,309,0,0,39,178,0,0,46.1269,1.6295,0,0,0,3,0
16445,-14.625,-6.3462,2.3578,318,0,0,43,177,0,0,0.1832,1.5088,0,0,0,3,0
16470,-14.25,-6.0337,2.9828,323,0,0,41,170,0,0,-13.4453,1.7674,0,0,0,3,0
16496,-13.6875,-5.5962,3.4203,870,0,0,30,176,0,0,-14.0817,1.0433,0,0,0,0,0
16522,-13.4375,-5.7837,3.5453,424,0,0,11,173,0,0,-15.561,1.1984,0,0,0,0,0
16548,-13.5625,-5.5962,3.1078,455,0,0,6,168,0,0,-12.9497,-0.0601,0,0,0,0,0
16574,-13.875,-4.4087,2.4828,0,0,0,6,193,0,0,-12.7809,0.8881,0,0,0,0,0
16599,-13.875,-2.5337,1.7328,520,0,0,7,227,0,0,22.2677,0.0433,0,0,0,0,0
16624,-14.125,-0.7212,1.1078,523,20,76,223,419,0,0,22.2677,0.1984,0,0,0,0,0
16650,-14.5,0.6537,0.6078,0,158,252,795,972,0,0,16.8075,-0.8015,0,0,0,1,0
16676,-14.5625,0.7787,0.6078,0,222,255,1023,691,0,0,-17.7608,-1.2325,0,0,0,1,0
16702,-14.5,0.8412,0.6703,751,126,926,1008,615,0,0,604.2078,-1.2842,0,0,0,1,0
16728,-14.5,0.8412,0.7953,703,152,783,728,640,0,0,106.6701,-0.9566,0,0,0,1,0
16754,-14.5,0.7162,0.9203,655,926,959,638,703,0,0,604.2078,-0.6118,0,0,0,1,0
16780,-14.5,0.6537,0.9203,719,950,992,638,575,0,0,604.2078,-0.6463,0,0,0,1,0
16806,-14.5,0.5287,0.9828,767,975,1022,563,752,0,0,-19.8397,-0.698,0,0,0,1,0
