9,7.0625,30.1250,0.1250,751,0,402,584,537,17,0,7.3794,7.1896,0,0,0,0,0
34,7.0625,30.1250,0.1250,752,0,403,583,543,17,0,7.3506,33.5862,0,0,0,0,0
59,7.0625,30.0625,0.1250,767,0,402,584,528,17,0,7.3794,33.6034,0,0,0,0,0
84,7.0625,30.0625,0.1250,748,0,401,584,533,18,0,7.3650,37.0000,0,0,0,0,0
109,7.0625,30.0625,0.1250,754,0,407,585,531,18,0,7.0198,37.4310,0,0,0,0,0
134,7.0625,30.0625,0.0625,753,0,393,590,530,18,0,7.3650,32.6551,0,0,0,0,0
159,7.0000,30.0625,0.0625,753,0,394,591,529,17,0,7.3794,33.1724,0,0,0,0,0
184,7.0000,30.0625,0.0625,752,0,396,592,531,20,0,7.3939,34.0689,0,0,0,0,0
209,7.0000,30.0625,0.0000,759,0,395,596,528,21,0,7.3794,34.2241,0,0,0,0,0
234,7.0625,30.0000,0.0000,736,0,393,607,526,22,0,7.0198,32.6379,0,0,0,0,0
259,7.0625,30.0000,0.0000,750,0,393,601,530,23,0,7.3650,33.1034,0,0,0,0,0
284,7.0625,30.0000,0.0000,752,0,392,603,527,24,0,7.4231,34.0172,0,0,0,0,0
309,7.0625,30.0000,-0.0625,747,0,393,604,527,24,0,7.3650,37.0517,0,0,0,0,0
335,7.0625,30.0000,-0.0625,751,1,396,603,530,26,0,7.3794,37.0862,0,0,0,0,0
361,7.0625,30.0000,-0.1250,749,1,396,607,532,25,0,7.3939,37.0689,0,0,0,0,0
387,7.0625,30.0000,-0.1250,753,1,395,610,532,26,0,7.3794,34.2068,0,0,0,0,0
413,7.1250,30.0000,-0.1250,744,2,398,600,533,27,0,7.2512,33.8103,0,0,0,0,0
439,7.1250,30.0000,-0.1250,752,3,409,613,531,27,0,7.0198,33.3965,0,0,0,0,0
465,7.1250,30.0000,-0.1250,749,4,398,613,530,28,0,7.3794,33.0172,0,0,0,0,0
491,7.1250,30.0000,-0.1250,749,5,388,615,536,29,0,7.3939,33.0344,0,0,0,0,0
517,7.1250,30.0000,-0.1250,749,5,400,613,534,29,0,7.4085,32.6206,0,0,0,0,0
543,7.1250,30.0000,-0.1250,763,5,401,614,523,30,0,7.3939,33.0344,0,0,0,0,0
569,7.1250,30.0000,-0.1250,745,6,400,632,533,30,0,7.3794,33.0689,0,0,0,0,0
595,7.1250,30.0000,-0.1250,750,6,399,619,531,31,0,7.3794,33.5000,0,0,0,0,0
621,7.1250,30.0000,-0.1250,747,6,401,603,534,32,0,7.1955,33.5172,0,0,0,0,0
647,7.1250,30.0000,-0.1250,748,6,400,618,535,32,0,7.4672,33.5344,0,0,0,0,0
673,7.1250,30.0000,-0.1250,745,6,400,616,536,32,0,7.3794,33.5517,0,0,0,0,0
699,7.1250,30.0000,-0.1875,746,6,401,618,539,33,0,7.4085,33.1206,0,0,0,0,0
725,7.1250,30.0000,-0.1875,745,6,404,621,539,33,0,7.4085,33.5172,0,0,0,0,0
751,7.1250,30.0000,-0.1875,753,6,403,621,532,34,0,7.3939,33.5344,0,0,0,0,0
777,7.1250,30.0000,-0.1875,751,7,410,622,546,35,0,7.3939,33.5344,0,0,0,0,0
803,7.1250,30.0000,-0.1875,738,8,417,639,548,35,0,7.3794,33.1206,0,0,0,0,0
829,7.1250,30.0000,-0.1875,747,9,423,625,550,36,0,6.9673,33.1724,0,0,0,0,0
855,7.1250,30.0000,-0.1875,743,11,416,633,556,38,0,7.3362,33.1034,0,0,0,0,0
881,7.1250,30.0000,-0.1875,745,14,433,636,562,39,0,7.3650,32.6551,0,0,0,0,0
907,7.1250,30.0000,-0.2500,747,16,436,641,566,43,0,7.3939,32.6551,0,0,0,0,0
933,7.1250,30.0000,-0.2500,744,17,440,641,575,45,0,7.3794,32.7413,0,0,0,0,0
959,7.1250,30.0000,-0.2500,736,19,444,639,568,46,0,7.3939,32.6551,0,0,0,0,0
985,7.1250,30.0000,-0.2500,759,21,447,640,573,47,0,7.3077,33.0344,0,0,0,0,0
1011,7.1250,30.0000,-0.2500,736,24,451,655,576,49,0,7.3939,33.0344,0,0,0,0,0
1037,7.1250,30.0000,-0.2500,744,27,463,646,581,48,0,7.0198,32.6206,0,0,0,0,0
1063,7.1250,30.0625,-0.2500,746,32,453,650,581,50,0,7.3362,33.0517,0,0,0,0,0
1089,7.1250,30.0625,-0.2500,743,36,464,652,583,51,0,7.3506,33.1379,0,0,0,0,0
1115,7.1250,30.0625,-0.2500,743,39,465,653,588,52,0,7.3794,33.0344,0,0,0,0,0
1141,7.1250,30.0625,-0.2500,747,39,468,652,590,55,0,7.3939,33.0689,0,0,0,0,0
1167,7.1250,30.0625,-0.2500,734,41,472,671,586,56,0,7.3794,33.0517,0,0,0,0,0
1193,7.1250,30.0625,-0.2500,744,43,472,646,588,58,0,7.1680,33.0517,0,0,0,0,0
1219,7.1250,30.0625,-0.2500,740,46,478,656,591,61,0,7.3650,33.0344,0,0,0,0,0
1245,7.1250,30.0625,-0.2500,742,48,479,658,591,62,0,7.3219,33.0344,0,0,0,0,0
1271,7.1250,30.0625,-0.2500,741,52,481,662,594,62,0,7.3506,33.0344,0,0,0,1,0
1297,7.1250,30.0625,-0.2500,744,56,472,659,599,64,0,7.3939,33.1034,0,0,0,1,0
1323,7.1250,30.0625,-0.2500,742,57,486,663,598,67,0,7.3794,33.0172,0,0,0,1,0
1349,7.1250,30.0625,-0.2500,751,57,488,662,592,71,0,7.3506,32.5862,0,0,0,1,0
1375,7.1250,30.0625,-0.2500,738,56,487,671,597,72,0,7.3794,32.5862,0,0,0,1,0
1401,7.1250,30.0625,-0.2500,724,55,489,659,599,71,0,6.9673,32.5862,0,0,0,1,0
1427,7.1250,30.0625,-0.2500,740,55,492,644,600,72,0,7.2512,32.9655,0,0,0,1,0
1453,7.1250,30.0625,-0.1875,744,56,488,664,602,73,0,7.3794,32.5689,0,0,0,1,0
1479,7.1250,30.0625,-0.1875,742,59,492,668,601,72,0,7.3794,32.9827,0,0,0,1,0
1505,7.1250,30.0625,-0.1875,741,60,488,667,601,75,0,7.3939,32.9827,0,0,0,1,0
1531,7.1250,30.0625,-0.1875,740,59,496,664,607,73,0,7.3794,32.5517,0,0,0,1,0
1557,7.1250,30.0625,-0.1875,749,62,496,667,592,75,0,7.3650,32.9827,0,0,0,1,0
1583,7.1250,30.0625,-0.1875,737,61,495,656,604,77,0,7.3939,32.9827,0,0,0,1,0
1609,7.1250,30.0625,-0.1875,736,59,497,670,606,76,0,7.0198,32.9827,0,0,0,1,0
1635,7.1250,30.0625,-0.1875,744,59,497,663,604,77,0,6.9543,33.0000,0,0,0,1,0
1661,7.1250,30.0625,-0.1875,748,60,483,668,606,78,0,7.4085,33.0344,0,0,0,1,0
1687,7.1250,30.0625,-0.1875,746,63,500,670,605,76,0,7.3794,33.1206,0,0,0,1,0
1713,7.1250,30.0625,-0.1875,744,65,499,665,606,77,0,7.3939,33.0689,0,0,0,1,0
1739,7.1250,30.0625,-0.1875,748,64,503,669,613,77,0,7.3939,33.0517,0,0,0,1,0
1765,7.1250,30.0625,-0.1875,736,65,504,671,604,78,0,7.3939,33.1034,0,0,0,1,0
1791,7.1250,30.0625,-0.1875,748,67,505,667,604,78,0,7.3794,33.4482,0,0,0,1,0
1817,7.1250,30.0625,-0.1875,744,67,509,672,606,79,0,7.3506,33.0344,0,0,0,1,0
1843,7.1250,30.0625,-0.1875,744,66,511,668,606,79,0,7.0198,33.0344,0,0,0,1,0
1869,7.1250,30.0625,-0.1875,749,66,506,667,607,79,0,7.4085,33.0000,0,0,0,1,0
1895,7.1250,30.0625,-0.1875,747,64,509,668,611,78,0,7.3939,32.9827,0,0,0,1,0
1921,7.1250,30.0625,-0.1875,743,67,507,670,611,79,0,7.3939,32.9827,0,0,0,1,0
1947,7.1250,30.0625,-0.1875,751,65,507,666,608,79,0,7.3650,32.9827,0,0,0,1,0
1973,7.1250,30.0625,-0.1875,724,66,510,679,609,80,0,7.3794,32.9655,0,0,0,1,0
1999,7.1250,30.0625,-0.1875,746,65,507,669,610,81,0,7.3506,32.9655,0,0,0,1,0
2025,7.1250,30.0625,-0.1875,747,64,509,667,606,81,0,7.3506,32.9827,0,0,0,1,0
2051,7.1250,30.0625,-0.1875,745,61,511,668,608,80,0,7.3506,32.9827,0,0,0,1,0
2077,7.1250,30.1250,-0.1875,742,58,504,672,606,78,0,7.3362,33.0000,0,0,0,1,0
2103,7.1250,30.1250,-0.1875,742,56,506,669,621,79,0,7.3794,33.0344,0,0,0,1,0
2129,7.1250,30.1250,-0.1875,740,58,508,668,610,78,0,7.3794,32.5862,0,0,0,1,0
2155,7.1250,30.1250,-0.1875,762,62,508,672,592,79,0,7.3794,33.0344,0,0,0,1,0
2181,7.1250,30.1250,-0.1875,738,65,512,676,605,81,0,7.3939,33.0344,0,0,0,1,0
2207,7.1250,30.1250,-0.1875,746,69,511,667,607,82,0,7.3939,33.0517,0,0,0,1,0
2233,7.1250,30.1250,-0.1875,745,75,515,673,608,85,0,7.4231,33.0689,0,0,0,1,0
2259,7.1250,30.1875,-0.1875,743,80,512,671,611,86,0,7.3506,33.9827,0,0,0,1,0
2285,7.1250,30.1875,-0.1875,749,85,518,671,609,86,0,7.3794,34.4482,0,0,0,1,0
2311,7.1250,30.1875,-0.1875,747,85,518,672,615,87,0,7.3650,36.6551,0,0,0,1,0
2337,7.1250,30.1875,-0.1875,747,84,524,673,611,87,0,7.3939,34.9137,0,0,0,1,0
2363,7.1250,30.1875,-0.1875,744,87,519,673,612,87,0,7.3650,36.6551,0,0,0,1,0
2389,7.1250,30.1875,-0.1875,745,86,521,672,613,87,0,7.3650,34.9827,0,0,0,1,0
2415,7.1250,30.1875,-0.1875,748,87,521,677,614,87,0,7.4231,34.9827,0,0,0,1,0
2441,7.1250,30.1875,-0.1875,751,87,527,676,613,87,0,7.3650,34.5689,0,0,0,1,0
2467,7.1250,30.2500,-0.1875,749,89,512,676,615,91,0,7.3939,34.1724,0,0,0,1,0
2493,7.1250,30.2500,-0.1875,751,93,525,674,617,92,0,7.3794,33.7931,0,0,0,1,0
2519,7.1250,30.2500,-0.1875,763,95,525,678,608,91,0,7.3794,33.7758,0,0,0,1,0
2545,7.1250,30.2500,-0.1875,748,100,529,676,618,92,0,7.3794,33.4827,0,0,0,1,0
2571,7.1250,30.2500,-0.2500,732,108,535,687,614,99,0,7.3939,33.4137,0,0,0,1,0
2597,7.1250,30.2500,-0.2500,748,114,533,668,621,100,0,7.1955,33.0344,0,0,0,1,0
2623,7.1250,30.2500,-0.2500,749,114,537,679,622,102,0,7.3794,33.4655,0,0,0,1,0
2649,7.1250,30.2500,-0.3125,752,116,550,681,619,100,0,7.3939,33.4827,0,0,0,1,0
2675,7.1875,30.2500,-0.3125,750,118,532,682,618,105,0,7.4085,33.9310,0,0,0,1,0
2701,7.1875,30.2500,-0.3750,751,117,536,679,622,105,0,7.3939,33.9482,0,0,0,1,0
2727,7.1875,30.2500,-0.3125,761,117,537,683,614,105,0,7.3650,34.8620,0,0,0,1,0
2753,7.1875,30.2500,-0.3125,751,115,529,688,623,105,0,7.3939,35.3275,0,0,0,1,0
2779,7.1875,30.2500,-0.3750,738,111,529,695,622,105,0,7.3794,35.8103,0,0,0,1,0
2805,7.1875,30.2500,-0.3750,748,108,531,675,619,105,0,6.9414,35.0344,0,0,0,1,0
2831,7.1875,30.2500,-0.3750,743,101,529,681,618,106,0,7.3794,33.8275,0,0,0,1,0
2857,7.1875,30.2500,-0.3750,750,89,524,682,616,103,0,7.3650,33.8793,0,0,0,1,0
2883,7.1875,30.1875,-0.3750,746,84,516,678,616,100,0,7.3939,33.9137,0,0,0,1,0
2909,7.1875,30.1875,-0.3750,745,72,513,681,613,98,0,7.3794,33.5344,0,0,0,1,0
2935,7.1875,30.1875,-0.3750,740,60,506,683,609,98,0,7.3939,34.4482,0,0,0,1,0
2961,7.1875,30.1875,-0.3750,754,41,500,672,616,96,0,7.2512,37.6206,0,0,0,1,0
2987,7.1875,30.1250,-0.3750,731,37,491,678,613,91,0,7.3650,36.8275,0,0,0,1,0
3013,7.1875,30.1250,-0.3750,732,29,491,678,606,89,0,7.0198,34.5000,0,0,0,1,0
3039,7.1875,30.1250,-0.3125,730,20,473,675,605,80,0,7.3939,34.5172,0,0,0,1,0
3065,7.1875,30.1250,-0.3125,726,11,449,668,607,72,0,7.4085,37.9137,0,0,0,1,0
3091,7.1250,30.0625,-0.2500,715,6,447,665,596,63,0,7.4085,35.6896,0,0,0,1,0
3117,7.1250,30.0625,-0.1250,705,1,430,659,591,53,0,7.3794,34.9827,0,0,0,0,0
3143,7.0625,30.0625,-0.0625,672,0,411,663,584,44,0,7.3650,35.4827,0,0,0,0,0
3169,7.0625,30.0000,0.0000,652,0,385,643,578,38,0,7.1955,36.8620,0,0,0,0,0
3195,7.0000,29.9375,0.1250,605,0,358,643,564,30,0,7.3939,37.3620,0,0,0,0,0
3221,6.9375,29.9375,0.3125,557,0,327,621,548,21,0,7.3939,37.4655,0,0,0,0,0
3247,6.8750,29.8750,0.4375,488,0,268,605,525,17,0,7.3650,37.1724,0,0,0,0,0
3273,6.8125,29.8125,0.8125,392,0,144,559,508,10,0,7.3939,35.6206,0,0,0,0,0
3299,6.5625,29.7500,1.2500,310,0,90,496,416,6,0,7.3939,34.8793,0,0,0,0,0
3324,6.3125,29.7500,1.6250,240,0,44,408,335,2,0,7.4085,35.8275,0,0,0,0,0
3349,5.8750,29.8125,2.0625,208,0,14,286,206,0,0,7.4524,39.1034,0,0,0,0,0
3374,4.6875,29.8125,2.6875,206,0,0,144,133,0,0,7.0198,38.7241,0,0,0,0,0
3399,3.3750,29.6875,3.1875,208,0,0,94,91,0,0,7.4085,38.7068,0,0,0,0,0
3424,2.5625,29.6250,3.5625,212,0,0,62,95,0,0,7.4524,36.4827,0,0,0,3,0
3449,1.6250,29.4375,4.0625,213,0,0,60,96,0,0,7.4377,36.5172,0,0,0,3,0
3474,1.3750,29.3125,4.2500,221,0,0,59,93,0,0,7.4672,36.1034,0,0,0,3,0
3499,1.2500,29.2500,4.4375,214,0,0,59,97,0,0,7.4820,36.5172,0,0,0,3,0
3524,1.2500,29.2500,4.5000,228,0,0,59,98,0,0,7.0331,36.5000,0,0,0,3,0
3549,1.5000,29.1875,4.6875,238,0,0,60,105,0,0,7.5873,36.0344,0,0,0,3,0
3574,1.8125,29.2500,4.6250,250,0,0,68,118,0,0,7.5419,36.0344,0,0,0,0,0
3599,2.4375,29.3125,4.3750,267,0,4,75,122,0,0,7.5873,35.9137,0,0,0,0,0
3624,2.7500,29.3125,4.1250,288,0,21,104,139,0,0,7.4969,35.8620,0,0,0,0,0
3649,2.8750,29.3125,3.8125,352,0,62,160,160,0,0,7.0597,36.1551,0,0,0,0,0
3674,2.9375,29.2500,3.1250,406,0,119,322,219,4,0,7.4672,38.2931,0,0,0,0,0
3700,3.0000,29.3125,2.3750,453,0,167,420,268,10,0,7.4231,38.3103,0,0,0,0,0
3726,3.0625,29.3125,1.9375,504,0,202,477,326,14,0,7.4085,37.7586,0,0,0,0,0
3752,3.1875,29.3125,1.3750,557,0,248,518,383,18,0,7.4085,35.9827,0,0,0,0,0
3778,3.3125,29.3750,1.0625,622,0,302,550,430,29,0,7.3794,35.4482,0,0,0,0,0
3804,3.4375,29.5000,0.6250,671,0,335,574,453,34,0,7.3650,34.9482,0,0,0,0,0
3830,3.5000,29.6250,0.3750,674,0,369,599,492,39,0,7.3939,34.8620,0,0,0,0,0
3856,3.5625,29.7500,0.2500,698,0,399,604,512,43,0,7.0198,35.5862,0,0,0,0,0
3882,3.6250,29.8125,0.0625,709,0,421,615,537,49,0,7.4524,35.8793,0,0,0,0,0
3908,3.6250,29.9375,0.0000,715,3,432,632,550,54,0,7.3939,35.7758,0,0,0,0,0
3934,3.6875,30.0000,0.0000,724,5,448,636,559,55,0,7.3794,34.8620,0,0,0,0,0
3960,3.6875,30.0625,0.0000,721,6,456,643,572,59,0,7.4085,34.8275,0,0,0,0,0
3986,3.6875,30.1250,0.0000,729,7,465,644,567,57,0,7.3650,34.3620,0,0,0,0,0
4012,3.6875,30.1250,0.0000,728,8,468,646,569,58,0,7.3650,34.3448,0,0,0,0,0
4038,3.6875,30.1250,0.0000,726,9,476,640,574,59,0,7.3650,34.3103,0,0,0,0,0
4064,3.6250,30.1875,0.0000,732,9,481,647,573,59,0,7.4524,34.2931,0,0,0,0,0
4090,3.6250,30.2500,0.0625,732,9,487,647,576,59,0,7.3650,34.2758,0,0,0,0,0
4116,3.6250,30.2500,0.0625,734,9,475,644,577,57,0,7.4231,34.6551,0,0,0,0,0
4142,3.6250,30.2500,0.0625,735,8,485,645,581,51,0,7.3650,34.6379,0,0,0,0,0
4168,3.6250,30.2500,0.1250,751,8,486,645,563,46,0,7.3794,35.3965,0,0,0,0,0
4194,3.6250,30.2500,0.1250,735,7,485,639,583,42,0,7.3506,35.7413,0,0,0,0,0
4220,3.6250,30.3125,0.1875,720,5,485,639,576,41,0,7.4085,35.6896,0,0,0,0,0
4246,3.6250,30.3125,0.1875,736,2,483,644,580,37,0,7.1817,34.8965,0,0,0,0,0
4272,3.6250,30.3125,0.1875,742,1,480,634,578,34,0,7.4085,34.7586,0,0,0,0,0
4298,3.5625,30.3125,0.2500,742,0,493,626,578,32,0,7.3506,34.7586,0,0,0,0,0
4324,3.5625,30.3125,0.3125,743,0,474,621,573,30,0,7.4231,34.3103,0,0,0,0,0
4350,3.5625,30.3125,0.3125,746,0,472,611,575,24,0,7.3650,34.7413,0,0,0,0,0
4376,3.5625,30.3125,0.3750,755,0,471,601,556,18,0,7.3650,35.1896,0,0,0,0,0
4402,3.5000,30.2500,0.5000,759,0,463,581,549,11,0,7.3794,36.7068,0,0,0,0,0
4428,3.5000,30.2500,0.6250,740,0,460,562,547,8,0,7.3794,35.7413,0,0,0,0,0
4453,3.4375,30.1875,0.7500,751,0,457,482,537,5,0,6.9284,34.6206,0,0,0,0,0
4478,3.3750,30.1250,1.1250,755,0,448,397,527,0,0,7.4377,34.5862,0,0,0,0,0
4503,3.3750,30.0625,1.6250,761,0,459,292,519,0,0,7.3794,36.0344,0,0,0,0,0
4528,3.3125,30.0625,2.0000,769,0,461,240,511,0,0,7.4085,36.3448,0,0,0,0,0
4553,3.3750,29.9375,2.5000,774,0,478,235,512,0,0,7.4085,35.4655,0,0,0,0,0
4578,3.3750,29.9375,2.7500,768,0,489,223,513,0,0,7.0331,35.4482,0,0,0,0,0
4603,3.3750,29.9375,2.9375,777,0,503,230,517,0,0,7.4524,36.1896,0,0,0,0,0
4628,3.4375,29.9375,3.2500,777,0,510,241,519,0,0,7.4524,35.6896,0,0,0,0,0
4653,3.4375,29.9375,3.5625,777,0,512,235,516,0,0,7.5118,35.3103,0,0,0,0,0
4678,3.4375,29.9375,3.6875,780,0,511,221,530,0,0,7.4672,34.9655,0,0,0,0,0
4703,3.4375,29.9375,3.8750,772,0,519,213,508,0,0,7.4820,35.4310,0,0,0,0,0
4728,3.4375,29.8750,4.1250,781,0,529,204,512,0,0,7.3077,35.0862,0,0,0,0,0
4753,3.5000,29.8125,4.3125,769,0,540,204,517,0,0,7.5268,35.0862,0,0,0,0,0
4778,3.5625,29.8125,4.5625,778,0,555,214,523,0,0,7.5268,35.1034,0,0,0,0,0
4803,3.5625,29.8125,4.6875,777,0,543,227,528,0,0,7.5419,35.1379,0,0,0,0,0
4828,3.5625,29.8125,4.7500,775,0,547,246,523,0,0,7.5419,36.3793,0,0,0,0,0
4853,3.5625,29.8125,4.7500,778,0,536,253,515,0,0,7.4672,35.4482,0,0,0,0,0
4878,3.4375,29.8125,4.5000,769,0,507,228,501,0,0,7.4820,35.8103,0,0,0,0,0
4903,3.3750,29.6250,4.2500,780,0,485,254,481,0,0,7.1817,35.7758,0,0,0,0,0
4928,3.2500,29.3125,3.6250,777,0,460,340,462,3,0,7.4969,36.0172,0,0,0,0,0
4953,3.0625,29.1875,2.9375,775,0,480,432,461,8,0,7.4524,35.8793,0,0,0,0,0
4978,3.0000,29.2500,2.5000,773,0,512,534,492,13,0,7.4672,35.7758,0,0,0,0,0
5004,2.9375,29.3125,2.1250,783,0,541,585,528,23,0,7.4377,35.6551,0,0,0,0,0
5030,2.9375,29.5000,1.5625,752,25,582,639,576,44,0,7.4085,35.5517,0,0,0,1,0
5056,3.0000,29.8125,1.1250,760,176,613,661,619,84,0,6.9414,35.4655,0,0,0,1,0
5082,3.0000,30.0625,0.8750,727,292,653,688,662,257,0,7.4377,35.3965,0,0,0,1,0
5108,3.0625,30.5000,0.6250,647,284,671,735,687,398,0,7.0198,35.3275,0,0,0,1,0
5134,3.0000,30.7500,0.5000,459,63,668,751,710,512,0,7.4085,35.2931,0,0,0,1,0
5160,2.9375,31.1875,0.3125,249,1,645,771,741,595,0,7.3939,35.7241,0,0,0,1,0
5186,2.8750,31.6875,0.3125,132,0,471,771,746,676,0,7.3939,35.8793,0,0,0,1,0
5212,2.7500,32.3125,0.6250,39,0,373,774,736,706,0,7.3506,36.2931,0,0,0,2,0
5238,2.6250,34.0000,1.7500,24,0,295,767,746,722,0,7.3939,36.8793,0,0,0,2,0
5264,2.2500,36.6250,3.9375,22,0,221,746,734,731,0,7.0198,37.5344,0,0,0,2,0
5290,1.8750,39.0625,5.5625,18,0,122,697,688,735,0,10.1042,45.1206,0,0,0,2,0
5316,1.1875,42.6250,7.5625,17,0,49,669,641,712,0,16.8084,40.5862,0,0,0,2,0
5342,359.6250,51.3750,9.6875,16,0,13,634,588,628,0,16.8740,44.0172,0,0,0,2,0
5368,358.5000,61.4375,8.8750,13,0,0,521,483,551,0,26.1186,41.1724,0,0,0,3,0
5394,358.3750,68.2500,7.0000,11,0,0,145,207,241,0,46.1610,48.1379,0,0,0,3,0
5420,358.1250,79.1875,3.8750,8,0,0,12,119,18,0,46.5793,51.5172,0,0,0,3,0
5445,357.0625,88.0000,1.3750,10,0,0,10,105,22,0,70.7522,28.7758,0,0,0,3,0
5470,356.6875,90.6875,0.3125,8,0,0,13,81,24,0,71.6696,48.9482,0,0,0,3,0
5495,358.9375,89.0000,-0.1250,13,0,0,20,81,20,0,48.3245,37.9655,0,0,0,3,0
5520,0.1875,85.8125,-2.8750,34,0,0,22,89,23,0,64.1230,55.7586,0,0,0,3,0
5545,358.0625,83.1250,-4.6875,35,0,0,26,97,25,0,64.1230,48.0000,0,0,0,3,0
5570,356.3125,76.9375,-6.0625,33,0,0,27,232,27,0,28.6684,63.0344,0,0,0,3,0
5596,357.2500,70.2500,-5.4375,28,0,0,27,114,27,0,55.4961,66.5689,0,0,0,3,0
5622,358.4375,65.6875,-3.6250,19,0,0,27,128,28,0,47.4372,70.2068,0,0,0,3,0
5648,0.5625,58.6875,-0.3750,14,0,0,28,144,32,0,39.6590,43.5000,0,0,0,3,0
5673,1.6250,53.8125,1.6875,11,0,0,28,148,31,0,39.3470,42.8275,0,0,0,3,0
5698,2.4375,46.4375,4.6250,8,0,0,25,146,32,0,21.5717,41.7931,0,0,0,3,0
5723,2.9375,41.3125,6.6875,10,0,0,24,143,34,0,11.0845,40.7413,0,0,0,3,0
5748,3.7500,36.2500,9.0625,9,0,0,22,134,32,0,11.1150,40.7586,0,0,0,3,0
5773,5.3750,29.0625,12.5625,8,0,0,22,121,25,0,7.0463,40.0000,0,0,0,3,0
5798,7.3125,22.1875,16.1875,9,0,0,21,118,33,0,7.4969,38.6034,0,0,0,3,0
5823,9.1875,16.6875,17.7500,8,0,0,26,154,33,0,7.4231,38.1896,0,0,0,3,0
5848,11.0000,11.1250,17.5625,8,0,0,26,165,31,0,7.4231,37.4310,0,0,0,3,0
5873,11.0000,10.5000,19.0000,470,0,34,23,154,12,0,7.4231,36.4310,0,0,0,0,0
5899,10.6875,12.1875,18.0000,680,0,69,23,192,0,0,7.9035,36.4655,0,0,0,0,0
5924,10.6250,15.6875,15.1250,771,0,165,31,320,0,0,7.7267,35.3103,0,0,0,0,0
5950,11.4375,23.1875,11.9375,784,0,244,38,360,0,0,7.9697,35.3965,0,0,0,0,0
5976,11.5625,26.5625,10.6875,777,0,371,32,384,0,0,7.8872,35.8965,0,0,0,0,0
6002,11.1875,29.9375,9.0000,773,0,490,59,465,0,0,7.8872,36.2068,0,0,0,0,0
6027,10.7500,31.2500,7.9375,769,0,545,201,487,14,0,7.8546,36.2931,0,0,0,0,0
6053,10.0625,32.5000,6.6875,758,0,579,425,498,36,0,7.5569,36.2586,0,0,0,0,0
6079,9.8750,33.0625,6.0000,743,0,608,548,527,76,0,7.5118,36.6724,0,0,0,0,0
6105,9.8125,33.6875,5.2500,716,0,640,606,560,145,0,7.0198,36.6724,0,0,0,1,0
6131,9.9375,34.1875,4.5625,705,0,663,656,598,277,0,7.5268,36.1034,0,0,0,1,0
6157,10.0000,34.5000,4.1875,675,2,672,681,625,367,0,7.5419,36.0517,0,0,0,1,0
6183,10.1250,34.8125,3.8125,630,5,698,696,651,424,0,7.5118,36.0344,0,0,0,1,0
6209,10.2500,35.0000,3.6875,526,0,704,711,672,474,0,7.4820,36.0172,0,0,0,1,0
6235,10.3750,35.2500,3.6250,400,0,708,724,711,529,0,7.4231,36.4310,0,0,0,1,0
6261,10.3750,35.3750,3.6875,244,0,703,736,713,571,0,7.3794,36.0172,0,0,0,2,0
6287,10.3125,35.5625,3.7500,107,0,684,720,729,609,0,7.2512,36.1379,0,0,0,2,0
6313,10.0625,36.0625,3.9375,17,0,553,743,744,648,0,7.3506,36.7241,0,0,0,2,0
6339,9.7500,36.6250,4.2500,16,0,455,744,748,683,0,7.3506,36.5000,0,0,0,2,0
6365,9.5000,37.4375,4.6250,14,0,394,734,752,721,0,7.3506,37.2068,0,0,0,2,0
6391,9.1875,38.8125,5.1875,14,0,341,723,756,718,0,7.5419,38.0000,0,0,0,2,0
6417,8.8125,41.2500,6.3125,10,0,241,711,728,729,0,7.5268,38.0000,0,0,0,2,0
6443,8.3750,44.6875,8.1250,10,0,146,696,732,735,0,10.2607,39.3965,0,0,0,2,0
6469,7.8750,47.9375,9.6875,13,0,45,692,716,736,0,15.8785,40.5689,0,0,0,2,0
6495,7.0625,55.5625,11.3750,13,0,6,672,686,717,0,14.6231,77.3103,0,0,0,2,0
6521,5.8125,67.0000,10.7500,10,0,0,648,628,647,0,25.5451,102.4482,0,0,0,2,0
6547,3.9375,75.7500,8.6875,6,0,0,491,415,480,0,45.7494,91.1206,0,0,0,3,0
6572,359.7500,88.7500,3.4375,3,0,0,185,208,121,0,46.5793,84.4310,0,0,0,3,0
6598,356.5625,96.3125,0.0000,3,0,0,19,123,7,0,51.1778,90.5862,0,0,0,3,0
6623,350.0000,103.5625,-4.5000,78,0,0,30,111,14,0,249.6450,96.0517,0,0,0,3,0
6649,348.1875,103.6250,-6.3750,52,0,0,25,86,16,0,137.9446,93.3965,0,0,0,3,0
6675,350.9375,98.8750,-7.5000,89,0,0,23,78,16,0,82.1946,95.1206,0,0,0,3,0
6700,353.2500,94.6250,-8.0625,96,0,0,20,75,15,0,66.4707,100.1896,0,0,0,3,0
6726,354.8125,86.6250,-8.6875,97,0,0,19,70,17,0,78.7534,103.5000,0,0,0,3,0
6752,356.5625,76.8125,-8.7500,54,0,0,20,76,26,0,77.6644,97.7413,0,0,0,3,0
6777,358.0000,69.9375,-8.4375,41,0,0,20,84,29,0,49.7137,96.4137,0,0,0,3,0
6802,359.8750,60.6250,-6.1250,11,0,0,24,120,36,0,55.4961,44.2931,0,0,0,3,0
6828,1.5625,54.7500,-3.7500,10,0,0,27,141,40,0,56.0829,43.1034,0,0,0,3,0
6853,3.5625,49.1875,-1.0625,6,0,0,25,155,42,0,23.8310,42.8793,0,0,0,3,0
6878,5.5000,40.5625,2.5625,7,0,0,26,160,39,0,26.8695,42.1896,0,0,0,3,0
6903,6.7500,31.2500,5.9375,6,0,0,24,158,36,0,13.7161,41.4137,0,0,0,3,0
6928,7.2500,24.7500,8.3750,7,0,0,23,148,35,0,8.6914,40.0344,0,0,0,3,0
6953,7.8125,15.6875,12.3125,6,0,0,24,153,41,0,8.7110,39.3103,0,0,0,3,0
6978,8.5000,10.5000,14.6875,21,0,0,25,174,47,0,7.2935,38.0862,0,0,0,3,0
7003,9.3750,6.9375,16.8750,36,0,0,24,181,48,0,7.4672,37.1724,0,0,0,3,0
7028,10.1875,5.3750,18.7500,107,0,0,21,164,36,0,7.4377,36.6379,0,0,0,0,0
7053,10.5000,7.6875,18.5625,634,0,46,18,155,10,0,7.4085,36.1724,0,0,0,0,0
7078,11.1875,10.1250,15.7500,679,0,90,20,352,0,0,7.4085,35.4310,0,0,0,0,0
7103,10.9375,12.9375,14.1875,744,0,185,31,384,0,0,7.8222,35.0689,0,0,0,0,0
7129,11.8125,20.4375,12.1250,769,0,237,30,389,0,0,7.5721,35.3620,0,0,0,0,0
7155,11.7500,24.5000,11.5000,768,0,368,27,404,0,0,7.6026,35.8965,0,0,0,0,0
7181,11.7500,26.9375,10.9375,768,0,505,35,459,5,0,7.5873,36.0172,0,0,0,0,0
7207,11.0625,29.8750,8.7500,768,0,564,136,505,20,0,7.9697,36.0517,0,0,0,0,0
7233,10.3750,31.6875,7.1250,754,0,592,430,527,35,0,7.4377,36.5000,0,0,0,0,0
7259,10.2500,32.3125,6.3750,742,0,641,565,570,68,0,7.3650,36.4482,0,0,0,0,0
7285,10.2500,32.7500,5.8750,743,0,671,598,586,92,0,7.3650,35.9310,0,0,0,1,0
7311,10.4375,33.2500,5.5625,704,0,694,637,624,122,0,7.3939,35.8793,0,0,0,1,0
7337,10.5625,33.6250,5.3125,658,0,719,642,652,172,0,7.3794,35.8793,0,0,0,1,0
7363,10.6875,33.9375,5.1875,598,0,732,656,679,252,0,7.1955,36.2931,0,0,0,1,0
7389,10.8750,34.3125,5.1250,520,0,744,680,698,308,0,7.2935,36.3103,0,0,0,1,0
7415,10.9375,34.6875,5.0000,415,0,738,693,712,356,0,7.3794,36.3620,0,0,0,1,0
7441,10.9375,34.8750,5.0000,243,0,734,707,745,422,0,7.3650,35.9827,0,0,0,2,0
7467,10.8750,35.2500,5.0625,111,0,731,711,751,497,0,7.3650,36.1206,0,0,0,2,0
7493,10.6875,35.6875,5.2500,22,0,692,713,744,546,0,7.3650,36.7068,0,0,0,2,0
7519,10.3750,36.5000,5.8125,15,0,590,712,759,593,0,7.3506,36.9310,0,0,0,2,0
7545,10.0625,37.5625,6.3750,9,0,452,701,766,630,0,7.3939,37.1206,0,0,0,2,0
7571,9.8125,38.5625,6.7500,8,0,393,683,764,670,0,6.8899,37.3103,0,0,0,2,0
7596,9.5625,39.8125,7.1875,6,0,332,672,766,701,0,7.4085,37.5172,0,0,0,2,0
7621,9.1250,42.0000,7.8750,6,0,273,660,765,694,0,7.4672,38.2241,0,0,0,2,0
7646,8.8125,44.8750,9.0625,6,0,201,649,760,711,0,9.3381,38.8103,0,0,0,2,0
7671,8.5625,47.4375,10.3125,6,0,113,640,748,717,0,12.8270,39.5862,0,0,0,2,0
7697,8.1875,52.5000,12.4375,8,0,27,624,733,720,0,11.8286,41.2931,0,0,0,2,0
7723,8.2500,56.6250,13.1875,7,0,3,612,695,695,0,17.8431,77.4827,0,0,0,2,0
7748,8.3125,64.8125,13.1250,6,0,0,610,639,630,0,27.3392,79.0172,0,0,0,2,0
7773,7.3750,72.1875,11.9375,4,0,0,506,522,514,0,27.4991,77.4827,0,0,0,3,0
7798,3.6875,84.1875,7.8125,4,0,0,194,245,240,0,49.7137,78.7241,0,0,0,3,0
7823,0.0000,91.8750,4.3750,2,0,0,4,146,2,0,49.7137,84.2068,0,0,0,3,0
7848,352.3125,99.0625,-0.3125,2,0,0,3,148,5,0,87.2330,89.0344,0,0,0,3,0
7873,347.6875,100.3750,-3.4375,18,0,0,8,97,12,0,430.2886,85.2931,0,0,0,3,0
7899,349.1250,95.4375,-6.0000,48,0,0,13,100,9,0,224.8053,85.8793,0,0,0,3,0
7925,351.1875,91.3750,-7.7500,55,0,0,16,101,12,0,259.0716,87.8620,0,0,0,3,0
7951,351.2500,83.7500,-9.6875,69,0,0,18,111,14,0,56.0829,93.7586,0,0,0,3,0
7977,351.0000,75.7500,-10.5000,77,0,0,20,123,14,0,70.7522,51.2758,0,0,0,3,0
8003,351.8125,70.8750,-10.0000,63,0,0,21,153,17,0,67.2885,35.8103,0,0,0,3,0
8029,354.0625,63.5000,-7.2500,50,0,0,22,180,20,0,67.2885,53.0689,0,0,0,3,0
8055,356.1250,56.5625,-3.5625,36,0,0,24,191,24,0,24.8598,46.0000,0,0,0,3,0
8081,357.1875,51.7500,-1.6250,12,0,0,27,193,27,0,28.1564,44.2586,0,0,0,3,0
8107,358.9375,47.1250,0.0625,10,0,0,26,189,34,0,33.2393,42.9655,0,0,0,3,0
8132,4.3125,42.1875,3.1875,7,0,0,19,171,36,0,17.2088,41.7413,0,0,0,3,0
8157,11.7500,41.3750,6.6250,5,0,0,54,232,366,0,17.2088,41.0517,0,0,0,3,0
8182,15.6250,40.7500,8.0000,6,0,16,287,269,519,0,9.4964,40.1379,0,0,0,3,0
8207,18.2500,38.9375,6.8750,10,0,61,478,411,600,0,8.3343,40.5689,0,0,0,3,0
8233,18.9375,37.6250,5.6875,44,0,163,582,552,645,0,8.3343,40.2586,0,0,0,2,0
8259,19.3750,36.6250,4.8750,66,0,195,622,609,673,0,7.1817,39.5344,0,0,0,2,0
8285,19.6250,36.5000,4.6250,94,0,213,630,626,680,0,7.4969,39.7413,0,0,0,2,0
8311,19.9375,36.3750,4.5000,115,0,230,629,639,683,0,7.3506,39.5344,0,0,0,2,0
8337,20.1250,35.9375,4.2500,144,0,251,631,624,690,0,7.3650,38.8448,0,0,0,2,0
8363,20.1250,35.6250,3.9375,163,0,268,639,616,687,0,7.3794,39.1034,0,0,0,2,0
8389,20.1875,35.3750,3.6875,172,0,286,662,625,687,0,7.3506,38.9137,0,0,0,2,0
8415,20.2500,35.0625,3.4375,188,0,312,649,633,688,0,7.3794,38.3793,0,0,0,2,0
8441,20.3125,34.8125,3.2500,205,0,367,659,631,699,0,7.3650,38.6379,0,0,0,2,0
8467,20.3750,34.6250,3.1250,223,0,400,656,627,678,0,7.2652,38.5000,0,0,0,2,0
8493,20.4375,34.3125,2.7500,233,0,425,659,622,681,0,7.3506,38.3793,0,0,0,2,0
8519,20.4375,34.0000,2.4375,247,0,441,650,613,670,0,7.3506,37.8620,0,0,0,2,0
8545,20.5000,33.8750,2.2500,264,0,462,645,596,669,0,7.3362,37.7931,0,0,0,2,0
8571,20.5625,33.6875,2.0625,300,0,476,645,584,669,0,7.3219,37.2931,0,0,0,2,0
8597,20.6250,33.5625,1.9375,332,0,483,648,585,662,0,7.3650,37.2241,0,0,0,2,0
8623,20.6875,33.5000,1.8125,360,0,489,641,574,658,0,7.3794,37.1724,0,0,0,1,0
8649,20.6875,33.3750,1.6875,405,0,495,636,564,659,0,7.3794,37.1206,0,0,0,1,0
8675,20.6875,33.3125,1.6250,449,0,486,620,542,639,0,7.2652,37.0344,0,0,0,1,0
8701,20.6875,33.2500,1.5625,494,0,503,614,526,623,0,7.3506,36.9827,0,0,0,0,0
8727,20.6875,33.1250,1.5625,543,0,507,604,512,610,0,7.3219,36.9137,0,0,0,0,0
8753,20.7500,33.0000,1.5000,587,0,501,603,492,588,0,7.3650,36.8793,0,0,0,0,0
8779,20.6875,32.8750,1.4375,608,0,501,583,472,569,0,7.3506,36.8103,0,0,0,0,0
8805,20.7500,32.7500,1.4375,639,0,492,558,453,550,0,7.2512,36.7931,0,0,0,0,0
8831,20.7500,32.6250,1.3750,653,0,481,556,434,532,0,7.3650,36.7758,0,0,0,0,0
8857,20.7500,32.5625,1.3750,667,0,471,539,412,506,0,7.3650,36.7758,0,0,0,0,0
8883,20.7500,32.4375,1.3750,674,0,448,527,396,503,0,7.2935,36.7413,0,0,0,0,0
8909,20.7500,32.3750,1.4375,676,0,444,519,391,486,0,7.3650,36.7586,0,0,0,0,0
8935,20.7500,32.3125,1.4375,693,0,441,514,378,487,0,7.3506,36.7586,0,0,0,0,0
8961,20.7500,32.2500,1.4375,683,0,434,523,384,485,0,7.3506,36.7586,0,0,0,0,0
8987,20.7500,32.1875,1.4375,675,0,430,513,379,479,0,7.3794,37.1551,0,0,0,0,0
9013,20.7500,32.1875,1.4375,684,0,428,505,377,472,0,7.1406,36.7413,0,0,0,0,0
9039,20.7500,32.1250,1.4375,686,0,424,508,375,467,0,7.3939,36.7413,0,0,0,0,0
9065,20.7500,32.1250,1.4375,689,0,427,507,371,450,0,7.3794,36.7413,0,0,0,0,0
9091,20.7500,32.0625,1.4375,692,0,416,504,366,462,0,7.3650,37.1379,0,0,0,0,0
9117,20.7500,32.0625,1.4375,695,0,414,500,359,454,0,7.3794,36.7241,0,0,0,0,0
9143,20.7500,32.0000,1.4375,700,0,407,498,348,448,0,7.3506,36.6896,0,0,0,0,0
9169,20.7500,31.9375,1.4375,711,0,402,496,348,440,0,7.3794,37.1206,0,0,0,0,0
9195,20.7500,31.9375,1.4375,699,0,400,488,346,433,0,7.3506,36.7068,0,0,0,0,0
9221,20.7500,31.8750,1.4375,698,0,403,481,345,430,0,6.9156,36.7068,0,0,0,0,0
9247,20.7500,31.8750,1.4375,702,0,395,484,346,431,0,7.3506,36.7068,0,0,0,0,0
9273,20.7500,31.8125,1.4375,704,0,392,482,345,417,0,7.3939,36.6896,0,0,0,0,0
9299,20.7500,31.8125,1.5000,706,0,392,478,348,411,0,7.3506,36.6724,0,0,0,0,0
9325,20.7500,31.8125,1.5000,706,0,392,475,345,418,0,7.3650,36.6724,0,0,0,0,0
9351,20.7500,31.8125,1.5000,696,0,394,479,348,419,0,7.3650,36.6724,0,0,0,0,0
9377,20.7500,31.8125,1.5000,717,0,395,468,350,419,0,7.2512,36.6379,0,0,0,0,0
9403,20.7500,31.8125,1.5000,704,0,387,472,346,419,0,7.3506,36.6551,0,0,0,0,0
9429,20.7500,31.8125,1.5000,694,0,382,459,334,398,0,7.0198,36.6724,0,0,0,0,0
9455,20.7500,31.7500,1.5000,678,0,356,445,322,379,0,7.3794,36.6896,0,0,0,0,0
9481,20.7500,31.6875,1.5625,637,0,321,444,319,363,0,7.3650,36.7241,0,0,0,0,0
9507,20.6875,31.6875,1.6250,594,0,287,444,297,350,0,7.3650,36.7758,0,0,0,0,0
9533,20.6875,31.6250,1.6875,551,0,247,447,292,354,0,7.3939,36.7931,0,0,0,0,0
9559,20.6250,31.5625,1.7500,502,0,236,463,294,360,0,7.3939,37.2068,0,0,0,0,0
9585,20.6250,31.6250,1.8750,512,0,250,457,295,367,0,6.9543,37.1551,0,0,0,0,0
9611,20.6250,31.6250,1.8750,551,0,293,480,309,392,0,7.4085,37.0862,0,0,0,0,0
9637,20.6250,31.6250,1.7500,599,0,352,500,332,422,0,7.3506,36.9827,0,0,0,0,0
9663,20.6875,31.6875,1.6875,643,0,387,520,356,444,0,7.3939,36.8448,0,0,0,0,0
9689,20.7500,31.6875,1.5625,692,0,432,530,379,466,0,7.3794,36.7068,0,0,0,0,0
9715,20.7500,31.7500,1.5000,712,0,457,537,403,482,0,7.3650,36.5689,0,0,0,0,0
9741,20.7500,31.8125,1.4375,724,0,480,542,420,490,0,7.3506,36.4482,0,0,0,0,0
9767,20.8125,31.8750,1.5000,733,1,497,540,444,491,0,7.3506,36.3793,0,0,0,0,0
9793,20.8125,31.9375,1.5000,736,4,520,548,467,501,0,6.9935,36.3103,0,0,0,0,0
9819,20.8125,31.9375,1.5000,751,5,533,562,492,516,0,7.3650,36.2413,0,0,0,0,0
9845,20.8750,32.0000,1.5000,756,7,536,565,506,519,0,7.3506,36.1206,0,0,0,0,0
9871,20.8750,32.0625,1.5000,759,4,553,552,515,470,0,7.3650,36.1206,0,0,0,0,0
9897,20.8750,32.0000,1.6875,764,0,560,483,520,412,0,7.3650,35.9655,0,0,0,0,0
9923,20.8125,31.8750,1.8750,769,0,549,327,511,233,0,7.3794,35.5344,0,0,0,0,0
9949,20.7500,31.5625,2.3125,769,0,536,151,482,143,0,7.3939,35.5172,0,0,0,0,0
9975,20.7500,31.0625,3.0625,768,0,507,45,420,85,0,7.3077,35.9137,0,0,0,0,0
10001,20.8125,30.4375,3.9375,768,0,417,29,305,29,0,7.0198,35.9310,0,0,0,0,0
10027,20.9375,29.0000,6.0000,780,0,266,31,286,9,0,7.4969,36.0172,0,0,0,0,0
10053,21.1875,28.0625,7.0625,780,0,194,36,293,5,0,7.5268,36.5517,0,0,0,0,0
10079,22.1250,26.8750,7.9375,783,0,175,39,295,3,0,7.4969,36.2413,0,0,0,0,0
10105,23.6250,26.1250,8.2500,780,0,158,39,282,3,0,7.4969,36.6896,0,0,0,0,0
10131,28.9375,25.0000,8.6875,779,0,160,38,292,2,0,7.4231,36.3275,0,0,0,0,0
10157,38.0000,24.3125,9.1250,768,0,160,37,292,0,0,7.4085,36.3103,0,0,0,0,0
10183,44.5000,24.1875,9.3750,786,0,154,36,298,0,0,6.9414,36.2241,0,0,0,0,0
10209,52.5000,24.1875,9.4375,783,0,155,37,302,0,0,7.4231,36.2068,0,0,0,0,0
10235,56.6875,24.3125,9.5625,785,0,155,37,310,0,0,7.3939,36.1896,0,0,0,0,0
10261,61.7500,24.5000,9.7500,789,0,148,37,311,0,0,7.4231,36.1896,0,0,0,0,0
10287,65.8125,24.7500,9.8125,787,0,143,36,315,0,0,7.3794,36.1896,0,0,0,0,0
10313,309.0000,25.0000,9.7500,785,0,142,35,308,0,0,7.3939,36.1896,0,0,0,0,0
10339,312.5625,25.1250,9.7500,799,0,145,33,304,0,0,7.3939,36.2586,0,0,0,0,0
10365,316.1250,25.1875,9.9375,776,0,148,33,309,1,0,7.4085,36.2931,0,0,0,0,0
10391,318.5000,25.3125,10.0000,785,0,159,31,311,2,0,7.0198,36.1724,0,0,0,0,0
10417,320.4375,25.8125,9.9375,784,0,192,28,301,5,0,7.4524,36.1379,0,0,0,0,0
10443,322.0000,27.1875,9.6250,782,0,339,18,267,30,0,7.3794,36.1034,0,0,0,0,0
10469,321.9375,29.0000,8.9375,782,0,454,18,307,53,0,7.3939,36.1896,0,0,0,0,0
10495,321.8750,29.8125,8.3125,781,0,497,46,365,87,0,7.3939,36.0689,0,0,0,0,0
10521,321.9375,30.5625,7.5625,780,0,524,126,412,140,0,7.3506,36.0517,0,0,0,0,0
10547,321.9375,31.0000,7.0000,784,0,523,172,445,227,0,7.3506,36.0517,0,0,0,0,0
10573,321.9375,31.3125,6.4375,779,0,516,182,459,290,0,7.3650,36.1034,0,0,0,0,0
10599,321.8125,31.3750,6.0625,779,0,519,216,470,349,0,7.3506,36.1724,0,0,0,0,0
10625,321.6875,31.4375,5.8125,779,0,519,300,482,416,0,7.3362,36.2241,0,0,0,0,0
10651,321.6875,31.5000,5.3125,779,0,501,344,495,463,0,7.3650,36.7413,0,0,0,0,0
10677,321.7500,31.5000,5.0625,774,0,513,370,501,476,0,7.3506,36.8275,0,0,0,0,0
10703,321.7500,31.4375,4.9375,787,2,518,423,496,513,0,7.3506,36.9137,0,0,0,0,0
10729,321.6875,31.4375,4.7500,774,9,518,488,496,539,0,7.3506,36.5689,0,0,0,0,0
10755,321.6875,31.4375,4.3750,768,18,515,543,488,564,0,7.3506,36.6034,0,0,0,0,0
10781,321.6875,31.3750,4.0625,770,26,512,544,487,573,0,7.2232,37.1379,0,0,0,0,0
10807,321.6875,31.3125,3.8750,776,52,504,572,481,583,0,7.3939,36.7931,0,0,0,0,0
10833,321.6250,31.1875,3.5000,767,104,511,586,475,580,0,7.3362,36.9137,0,0,0,0,0
10859,321.6250,31.0625,3.1875,766,144,502,608,472,607,0,7.3650,37.0000,0,0,0,0,0
10885,321.6250,31.0000,3.0000,762,193,504,617,479,608,0,7.3506,37.5689,0,0,0,0,0
10911,321.6250,30.9375,2.6875,767,254,499,631,450,616,0,7.3362,37.6724,0,0,0,0,0
10937,321.6250,30.8750,2.5000,756,324,501,640,461,626,0,7.3219,37.8275,0,0,0,0,0
10963,321.6250,30.6875,2.0625,740,362,496,675,464,629,0,7.3362,37.9655,0,0,0,0,0
10989,321.6250,30.5625,1.7500,743,394,498,667,468,639,0,6.9284,37.6724,0,0,0,1,0
11015,321.6250,30.5000,1.5000,735,417,480,683,467,651,0,7.2935,37.8275,0,0,0,1,0
11041,321.6250,30.3750,1.1250,719,425,454,691,463,624,0,7.3362,38.3965,0,0,0,1,0
11067,321.6250,30.2500,0.8750,684,411,359,700,444,640,0,7.3506,38.5862,0,0,0,1,0
11093,321.6250,30.0625,0.5625,588,292,211,704,423,648,0,7.3506,38.7758,0,0,0,1,0
11119,321.5625,30.0000,0.5000,368,40,29,709,350,644,0,7.3794,39.4827,0,0,0,1,0
11145,321.3750,29.8125,0.6875,100,0,0,709,195,636,0,7.4231,39.8965,0,0,0,1,0
11171,320.8750,29.7500,1.6250,58,0,0,636,68,585,0,7.4085,40.9827,0,0,0,3,0
11197,320.2500,30.1250,2.0000,37,0,0,506,61,469,0,7.0198,42.1896,0,0,0,3,0
11223,319.0000,31.6250,1.3750,39,0,0,414,47,260,0,7.4524,45.1896,0,0,0,3,0
11249,318.1250,33.1250,0.0000,108,0,0,297,55,132,0,10.2607,49.8620,0,0,0,3,0
11275,317.0000,35.8125,-3.3125,127,0,0,174,55,61,0,18.5216,51.5862,0,0,0,3,0
11301,320.1875,37.6250,-7.1875,151,0,0,166,38,60,0,18.5216,52.1034,0,0,0,3,0
11327,325.5000,38.0625,-7.7500,156,0,0,147,35,49,0,31.5064,77.7068,0,0,0,3,0
11353,331.2500,38.8125,-8.0000,162,0,0,135,38,44,0,38.1427,84.5689,0,0,0,3,0
11379,341.9375,39.8125,-8.0625,168,0,0,128,42,35,0,37.5655,86.3448,0,0,0,3,0
11405,346.5625,39.9375,-7.9375,172,0,0,132,44,31,0,41.9764,86.8793,0,0,0,3,0
11431,350.6875,39.8125,-7.7500,175,0,0,136,48,30,0,42.3277,85.2586,0,0,0,3,0
11457,356.3125,39.3125,-7.6250,179,0,0,131,51,29,0,41.9764,90.3275,0,0,0,3,0
11483,2.1250,39.1875,-7.3125,182,0,0,125,53,29,0,40.6228,66.5000,0,0,0,3,0
11509,6.1250,39.2500,-6.9375,184,0,0,122,53,28,0,40.6228,50.9482,0,0,0,3,0
11535,11.6250,39.2500,-6.1250,189,0,0,117,55,26,0,39.0395,52.0172,0,0,0,3,0
11561,14.7500,39.0000,-5.5625,192,0,0,115,56,26,0,37.0042,53.5862,0,0,0,3,0
11587,18.3750,38.0625,-4.6875,198,0,0,112,59,24,0,32.3517,55.0517,0,0,0,3,0
11613,21.0625,36.5625,-3.7500,201,0,0,108,60,23,0,32.3517,45.1724,0,0,0,3,0
11639,22.8125,35.4375,-3.0000,202,0,0,94,59,22,0,32.1365,44.2068,0,0,0,3,0
11665,26.2500,33.9375,-1.3750,201,0,0,87,58,25,0,27.9894,43.6206,0,0,0,3,0
11691,30.4375,32.6250,0.7500,195,0,0,86,60,26,0,21.1664,42.5517,0,0,0,3,0
11716,33.3125,31.8750,2.1875,188,0,0,86,59,25,0,21.1664,41.9655,0,0,0,3,0
11741,36.1250,31.0625,3.4375,184,0,0,82,57,26,0,14.9854,41.8793,0,0,0,3,0
11766,40.0000,29.6250,5.3750,181,0,0,83,57,26,0,12.5537,41.6551,0,0,0,3,0
11791,42.3125,28.7500,6.5625,175,0,0,73,56,25,0,12.5537,41.3965,0,0,0,3,0
11816,45.3125,27.9375,8.6250,163,0,0,62,56,26,0,9.4964,41.0689,0,0,0,3,0
11841,48.5000,27.5000,11.3125,140,0,0,62,56,26,0,9.4735,40.6724,0,0,0,3,0
11866,50.9375,27.1875,12.8750,130,0,0,56,55,26,0,7.0331,40.3103,0,0,0,3,0
11891,53.5000,27.0625,14.2500,121,0,0,59,56,28,0,7.3650,39.9482,0,0,0,3,0
11916,57.4375,26.8125,16.0625,110,0,0,64,57,32,0,7.3506,39.1724,0,0,0,3,0
11941,59.8750,26.6250,16.8125,106,0,0,62,57,34,0,7.7583,38.9482,0,0,0,3,0
11966,63.1250,27.7500,17.6875,127,0,0,52,156,33,0,7.7742,39.2758,0,0,0,3,0
11992,64.6250,30.0000,12.7500,82,0,40,359,266,249,0,7.9035,38.9137,0,0,0,3,0
12018,65.0000,30.6250,10.0000,117,0,155,551,448,502,0,7.3939,37.9827,0,0,0,3,0
12044,65.0000,30.2500,8.8750,163,0,230,616,543,599,0,7.3650,38.2068,0,0,0,3,0
12070,65.2500,30.3125,8.1875,187,0,277,646,578,639,0,7.0198,38.4137,0,0,0,2,0
12096,65.5625,30.4375,7.5000,204,0,303,670,596,659,0,7.3650,37.8103,0,0,0,2,0
12122,65.7500,30.3750,7.0625,220,0,331,681,609,687,0,7.3650,37.2758,0,0,0,2,0
12148,65.8125,30.3125,6.7500,227,0,357,690,616,672,0,7.3650,37.2068,0,0,0,2,0
12174,65.8125,30.2500,6.5000,229,0,370,694,624,689,0,7.3506,37.6034,0,0,0,2,0
12200,65.8125,30.2500,6.3750,212,0,376,703,633,692,0,7.3650,37.5862,0,0,0,2,0
12226,65.7500,30.5625,6.1875,214,0,382,699,632,699,0,7.3794,37.5862,0,0,0,2,0
12252,65.7500,30.7500,6.0625,217,0,388,688,639,696,0,7.2512,38.0000,0,0,0,2,0
12278,65.6875,30.9375,5.8750,222,0,405,701,641,700,0,7.2935,37.9655,0,0,0,2,0
12304,65.6875,31.0000,5.6875,232,0,420,703,641,701,0,7.3650,37.9310,0,0,0,2,0
12330,65.6250,31.0625,5.4375,248,0,436,703,646,713,0,7.3650,37.9827,0,0,0,2,0
12356,65.6875,31.1250,5.2500,258,0,455,705,646,692,0,7.3506,37.8965,0,0,0,2,0
12382,65.6875,31.1875,5.0625,268,0,459,702,626,692,0,7.3506,37.8620,0,0,0,2,0
12408,65.6875,31.1875,4.8125,265,0,462,711,641,691,0,7.3506,37.8620,0,0,0,2,0
12434,65.6875,31.1875,4.5625,272,0,462,703,635,688,0,7.3650,37.8620,0,0,0,2,0
12460,65.6875,31.1875,4.4375,284,0,455,694,634,686,0,6.9284,37.8620,0,0,0,2,0
12486,65.6250,31.1875,4.2500,287,0,440,698,634,685,0,7.3219,37.8793,0,0,0,2,0
12512,66.5625,31.1875,4.1250,288,0,428,696,631,682,0,7.3650,37.4655,0,0,0,2,0
12538,66.5625,31.1875,4.0625,287,0,412,693,622,684,0,7.3506,37.4655,0,0,0,2,0
12564,67.4375,31.2500,4.0000,283,0,394,690,623,672,0,7.3794,37.4827,0,0,0,2,0
12590,67.4375,31.3125,3.9375,276,0,362,687,611,673,0,7.3650,37.5000,0,0,0,2,0
12616,68.1250,31.2500,3.9375,267,0,311,688,598,670,0,7.3650,37.5344,0,0,0,2,0
12642,68.1250,31.3125,3.8750,256,0,273,693,588,663,0,7.3939,37.5689,0,0,0,2,0
12668,68.6250,31.3125,3.8750,259,0,263,672,580,662,0,6.9673,37.1724,0,0,0,2,0
12694,68.6250,31.3750,3.8750,259,0,235,672,567,667,0,7.3506,37.6206,0,0,0,2,0
12720,69.1875,31.3750,3.9375,261,0,240,661,546,646,0,7.3794,37.6379,0,0,0,2,0
12746,69.1250,31.3750,3.8750,269,0,249,656,526,624,0,7.3939,37.6206,0,0,0,2,0
12772,69.7500,31.3750,3.8750,281,0,249,647,511,631,0,7.3794,37.2068,0,0,0,2,0
12798,69.7500,31.3750,3.8125,286,0,252,644,502,630,0,7.3506,37.6206,0,0,0,3,0
12824,70.2500,31.3125,3.7500,289,0,245,632,492,627,0,7.2512,37.2068,0,0,0,3,0
12850,70.2500,31.3125,3.7500,286,0,226,644,480,626,0,7.4377,37.7413,0,0,0,3,0
12876,70.6250,31.3125,3.6875,289,0,223,638,474,623,0,7.0198,37.6724,0,0,0,3,0
12902,70.6250,31.3125,3.6875,288,0,214,642,463,629,0,7.3794,37.7586,0,0,0,3,0
12928,70.9375,31.2500,3.6250,292,0,216,638,455,615,0,7.3939,37.6724,0,0,0,3,0
12954,70.9375,31.2500,3.6250,299,0,226,634,446,608,0,7.3650,37.6724,0,0,0,3,0
12980,71.2500,31.2500,3.5625,315,0,241,632,436,608,0,7.3650,37.6551,0,0,0,3,0
13006,71.2500,31.2500,3.4375,339,0,265,619,422,596,0,7.3794,37.6206,0,0,0,0,0
13032,71.4375,31.1875,3.3125,385,0,292,609,414,586,0,6.9414,37.5517,0,0,0,0,0